"Site ID","Site Name","Description","Speed Limit (mph)","Grid","Orientation","Longitude","Latitude","Bearing","Parameters"
="000000001304",="1304","Manchester Rd (A572) / Lingards Ln, Astley, Wigan (ATC)",30.0,="369151399819","E",53.49416,-2.46646,90,"noexport=1"
="000000001305",="1305","Leigh Rd (A572) / 100m E of Falconwood Chase, Boothstown, Salford (ATC)",40.0,="373097400749","W",53.50274,-2.40707,270,"noexport=1"
="000000001306",="1306","Blackburn Rd (A666) / 100m N of Cox Green Rd, Egerton, Bolton (ATC)",40.0,="370527415759","S",53.63751,-2.44724,165,"noexport=1"
="000000001307",="1307","Middleton Rd (A576) / 100m S of Scholes Ln, Higher Blackley, Manchester (ATC)",30.0,="383726403510","S",53.52799,-2.24697,195,"noexport=1"
="000000001308",="1308","Rochdale Rd (A664) / 400m NE of Stanycliffe Ln, Middleton, Rochdale (ATC)",30.0,="388024407705","SW",53.56582,-2.1823,210,"noexport=1"
="000000001309",="1309","Roe Cross Rd (A6018) / 360m NW of Stalybridge Rd, Longendale, Tameside (ATC)",40.0,="398925396217","NW",53.46269,-2.01765,315,"noexport=1"
="000000001310",="1310","Stamford St E (A635) / 5m W of Cobden St,  A-U-L, Tameside (ATC)",30.0,="394613398974","E",53.48745,-2.08266,105,"noexport=1"
="000000001311",="1311","Hyde Rd (A57) / 130m E of Peter St, Denton, Tameside (ATC)",30.0,="393283395525","E",53.45643,-2.10263,105,"noexport=1"
="000000001312",="1312","Wilbraham Rd (A6010) / 5m E of St Brannocks Rd, Whalley Range, Manchester (ATC)",30.0,="382468394062","W",53.44303,-2.26542,270,"noexport=1"
="000000001313",="1313","Ashton New Rd (A662) / 120m E of North Rd, Clayton, Manchester (ATC)",30.0,="387869398522","E",53.48327,-2.18427,105,"noexport=1"
="000000001314",="1314","Gt Cheetham St W (A576) / 65m W of Gt Clowes St, Broughton, Salford (ATC)",30.0,="382642400494","SW",53.50085,-2.26315,240,"noexport=1"
="000000001315",="1315","Kingsway (A34) / 130m S of Grangethorpe Dr, Burnage, Manchester (ATC)",40.0,="386365393180","N",53.43522,-2.20671,15,"noexport=1"
="000000001316",="1316","Dunham Rd (A56) / 250m N of Charcoal Rd, Bowdon, Trafford (ATC)",30.0,="375289387346","SW",53.38237,-2.37297,225,"noexport=1"
="000000001317",="1317","Hyde Rd (A57) / 70m E of Redgate Ln, Gorton, Manchester (ATC)",30.0,="386813396611","E",53.46607,-2.2001,105,"noexport=1"
="000000001318",="1318","Stockport Rd (A6) / 220m SE of Devonshire St, Longsight, Manchester (ATC)",30.0,="385847396538","NW",53.46539,-2.21465,310,"noexport=1"
="000000001319",="1319","Blackburn Rd (A666) / 10m N of Blackbank St, Bolton (ATC)",30.0,="371586410532","N",53.59059,-2.43074,0,"noexport=1"
="000000001320",="1320","Huddersfield Rd (A62) / 75m NE of Barry St, Oldham (ATC)",30.0,="393911405452","SW",53.54567,-2.09336,225,"noexport=1"
="000000001321",="1321","Lees Rd (A669) / 50m E of Wellyhole St, Lees, Oldham (ATC)",30.0,="394840404521","SE",53.53731,-2.07932,120,"noexport=1"
="000000001322",="1322","Elizabethan Way (A640) / 80m N of Harbour Ln, Milnrow, Rochdale (ATC)",40.0,="392780412258","SE",53.60683,-2.11059,135,"noexport=1"
="000000001323",="1323","Mossley Rd (A670), 20m SW of Herries St, A-U-L, Tameside (ATC)",30.0,="394733399478","NE",53.49198,-2.08086,61,"noexport=1"
="000000001324",="1324","Ormskirk Rd (A577) / Howard St, Pemberton, Wigan (ATC)",30.0,="355134404542","W",53.5356,-2.67842,285,"noexport=1"
="000000001325",="1325","Tyldesley Rd (A577) / 50m S of Bracken Rd, Atherton, Wigan (ATC)",30.0,="368061402708","SE",53.52006,-2.48319,135,"noexport=1"
="000000001327",="1327","Holmfirth Rd (A635), Greenfield, Oldham (ATC)",50.0,="401822404772","S",53.53959,-1.97397,180,"noexport=1"
="000000001328",="1328","Huddersfield Rd (A62), Saddleworth, Oldham (ATC)",50.0,="401825409490","SW",53.582,-1.9739,240,"noexport=1"
="000000001329",="1329","Oldham Rd (A672) / 115m NE of Mantley Ln, Denshaw, Oldham (ATC)",40.0,="396623409171","NE",53.57912,-2.05248,45,"noexport=1"
="000000001330",="1330","Todmorden Rd (A6033), Littleborough, Rochdale (ATC)",40.0,="394630418955","S",53.66705,-2.08275,165,"noexport=1"
="000000001331",="1331","Manchester Rd (A56), Ramsbottom, Bury (ATC)",40.0,="380037415865","S",53.63892,-2.30341,165,"noexport=1"
="000000001332",="1332","East Lancashire Rd (A580) / 100m E of Newton Ln, Golbourne, Wigan (ATC)",60.0,="359808397192","E",53.46992,-2.60695,105,"noexport=1"
="000000001333",="1333","Otterspool Rd (A627) / 50m N of Vale Rd, Bredbury, Stockport (ATC)",40.0,="393669389709","S",53.40416,-2.09669,195,"noexport=1"
="000000001334",="1334","Manchester Airport Eastern Link Rd (A555), Bramhall, Stockport (ATC)",70.0,="388065383884","E",53.3517,-2.18076,90,"noexport=1"
="000000001335",="1335","Manchester Rd (A666) / 15m S of Berry St, Pendlebury, Salford (ATC)",30.0,="377900402791","N",53.52132,-2.3348,345,"noexport=1"
="000000001336",="1336","Warrington Rd (A49) / 10m N of Violet St, A-I-M, Wigan (ATC)",30.0,="357709398836","S",53.48453,-2.6388,180,"noexport=1"
="000000001337",="1337","Blackrod By-Pass (A6), Blackrod, Bolton (ATC)",50.0,="361936410898","SE",53.59327,-2.57656,135,"noexport=1"
="000000001338",="1338","Edenfield Rd (A680) / 75m SE of Over Town Ln, Norden, Rochdale (ATC)",40.0,="384285415207","SE",53.63315,-2.23912,135,"noexport=1"
="000000001339",="1339","Ramsbottom Rd (A676) / 350m E of Bury Rd, Hawkshaw, Bury (ATC)",40.0,="375078414965","E",53.63061,-2.37834,75,"noexport=1"
="000000001340",="1340","Chorley Rd (A6) / 5m E of Reginald St, Swinton, Salford (ATC)",30.0,="376954402204","SE",53.516,-2.34903,118,""
="000000001341",="1341","Worsley Rd N (A575) / 15m S of Argyle Ave, Walkden, Salford (ATC)",30.0,="373567404313","N",53.5348,-2.40028,0,""
="000000001342",="1342","Manchester Rd (A666) / 130m SE of Moss Ln, Kearsley, Bolton (ATC)",30.0,="376172404175","NW",53.53368,-2.36097,315,""
="000000001343",="1343","Manchester Rd (B6536) / 130m SE of Mayfield Ave, Burnden, Bolton (ATC)",30.0,="372864407446","NW",53.56292,-2.41117,315,""
="000000001344",="1344","Bradford Rd / 20m N of Daffodil Rd, Farnworth, Bolton (ATC)",30.0,="372227406109","S",53.55087,-2.42066,180,""
="000000001405",="1405","Lloyd St N / 150m N of Denmark Rd, Hulme, Manchester (ATC)",30.0,="384459396143","N",53.4618,-2.23555,0,""
="000000001406",="1406","Upper Lloyd St / 70m N of Gt Western St, Moss Side, Manchester (ATC)",30.0,="384439395595","N",53.45687,-2.23582,0,""
="000000006001",="6001","Particulate Monitor",,="","N",,,0,""
="MAC000001042",="MAC1042TR","Barton Rd (A5181) / Chester Rd (426), Stretford, Trafford (Blu)",30.0,="379329393926","N",53.4417,-2.31266,3,"noexport=1"
="MAC000001044",="MAC1044TR","Chester Rd (A56) / Davyhulme Rd E (417), Gorse Hill, Trafford (Blu)",30.0,="380039394929","N",53.45074,-2.30203,15,"noexport=1"
="MAC000001070",="MAC1070MR","Stockport Rd (A6) / Matthews Ln (1207), Levenshulme, Manchester (Blu)",30.0,="387332394704","NW",53.44894,-2.1922,328,"noexport=1"
="MAC000001071",="MAC1071MR","Stockport Rd (A6) / Albert Rd (127), Levenshulme, Manchester (Blu)",30.0,="387365394179","N",53.44423,-2.19169,0,"noexport=1"
="MAC000001072",="MAC1072MR","Stockport Rd (A6) / Alma Rd (1081), Levenshulme, Manchester (Blu)",30.0,="387436394002","NW",53.44264,-2.19061,315,"noexport=1"
="MAC000001074",="MAC1074ST","Wellington Rd N (A6) / Crossley Rd (913), Heaton Chapel, Stockport (Blu)",30.0,="387856393189","N",53.43534,-2.18426,0,"noexport=1"
="MAC000001075",="MAC1075MR","Stockport Rd (A6) / Devonshire St (1219), Ardwick, Manchester (Blu)",30.0,="385674396686","SE",53.46672,-2.21726,135,"noexport=1"
="MAC000001076",="MAC1076MR","Stockport Rd (A6) / Kirkmanshulme Ln (1206), Longsight, Manchester (Blu)",30.0,="386611395835","SE",53.45909,-2.20311,135,"noexport=1"
="MAC000001078",="MAC1078MR","Downing St (A6) / Grosvenor St (165), Ardwick, Manchester (Blu)",30.0,="384899397363","SE",53.47278,-2.22898,135,"noexport=1"
="MAC000001079",="MAC1079MR","Stockport Rd (A6) / Plymouth Gr (1205), Longsight, Manchester (Blu)",30.0,="386516395920","SE",53.45985,-2.20454,135,"noexport=1"
="MAC000001081",="MAC1081MR","Ardwick Green S (A6) / 10m N of Brunswick St (3/119), Ardwick, Manchester (Blu)",30.0,="385282397104","NW",53.47046,-2.22318,316,"noexport=1"
="MAC000001082",="MAC1082MR","Piccadilly (A6) / 5m N of Paton St (97), Manchester (Blu)",30.0,="384585398162","NW",53.47995,-2.23374,316,"noexport=1"
="MAC000001084",="MAC1084MR","Stockport Rd (A6) / Slade Ln (129), Longsight, Manchester (Blu)",30.0,="386941395370","NW",53.45492,-2.19812,297,"noexport=1"
="MAC000001085",="MAC1085ST","Wellington Rd N (A6) / Heaton Rd (922), Stockport (Blu)",30.0,="388717391345","N",53.41878,-2.17124,345,"noexport=1"
="MAC000001087",="MAC1087ST","(X) Wellington Rd S (A6) / Heaton Ln (903), Stockport (Blu)",30.0,="389216390395","SE",53.41025,-2.16369,135,"noexport=1"
="MAC000001088",="MAC1088ST","Wellington Rd S (A6) / Greek St (905), Stockport (Blu)",30.0,="389542389827","N",53.40516,-2.15876,0,"noexport=1"
="MAC000001089",="MAC1089ST","Wellington Rd S (A6) / Longshut Ln (906), Stockport (Blu)",30.0,="389722389387","N",53.4012,-2.15604,0,"noexport=1"
="MAC000001090",="MAC1090ST","Buxton Rd (A6) / Higher Hillgate (907), Stockport (Blu)",30.0,="389934389086","SE",53.3985,-2.15284,135,"noexport=1"
="MAC000001091",="MAC1091ST","London Rd (A6) / Commercial Rd (318), Hazel Grove, Manchester (Blu)",30.0,="391841387224","SE",53.3818,-2.12412,135,"noexport=1"
="MAC000001093",="MAC1093ST","Macclesfield Rd (A523) / 70m S of Haddon Rd (7/164), Hazel Grove, Stockport (Blu)",30.0,="392571385990","N",53.37072,-2.11311,0,"noexport=1"
="MAC000001094",="MAC1094ST","(DECOMMISSIONED) Buxton Rd (A6) / 30m NW of Yew Tree Ave (7/184), Hazel Grove, Stockport (Blu)",30.0,="393014386177","SE",53.3724,-2.10646,135,"noexport=1"
="MAC000001095",="MAC1095ST","Wellington Rd N (A6) / 5m SE of Milwain Dr (930), Heaton Chapel, Stockport (Blu)",30.0,="388056392811","SE",53.43195,-2.18123,150,"noexport=1"
="MAC000001096",="MAC1096ST","Wellington Rd N (A6) / George's Rd (924), Stockport (Blu)",30.0,="388962390706","NW",53.41304,-2.16752,333,"noexport=1"
="MAC000001097",="MAC1097ST","Wellington Rd S (A6) / St. Petersgate (904), Stockport (Blu)",30.0,="389409390135","SE",53.40792,-2.16079,135,"noexport=1"
="MAC000001098",="MAC1098ST ","Wellington Rd N (A6) / Heaton Moor Rd (902), Heaton Chapel, Stockport (Blu)",30.0,="388337392246","SE",53.42687,-2.17698,153,"noexport=1"
="MAC000001099",="MAC1099ST","(X) Buxton Rd (A6) / Windlehurst Rd (7/008), Marple, Stockport (Blu)",30.0,="394914385415","E",53.36557,-2.07789,90,"noexport=1"
="MAC000001100",="MAC1100ST","Buxton Rd (A6) / 35m W of Andrew Ln (7/007), High Lane, Stockport (Blu)",30.0,="395544385242","E",53.36402,-2.06842,90,"noexport=1"
="MAC000001304",="MAC1304","Manchester Rd (A572) / 35m E of Marklands Rd, Astley, Wigan (Blu)",30.0,="369151399819","E",53.49416,-2.46646,90,"noexport=1"
="MAC000001305",="MAC1305","Leigh Rd (A572) / 100m E of Falconwood Chase, Worlsey, Salford (Blu)",40.0,="373097400749","W",53.50274,-2.40707,270,"noexport=1"
="MAC000001306",="MAC1306","Blackburn Rd (A666) / 100m N of Cox Green Rd, Egerton, Bolton (Blu)",40.0,="370527415759","S",53.63751,-2.44724,165,"noexport=1"
="MAC000001307",="MAC1307","Middleton Rd (A576) / 35m N of Windle Ave, Blackley, Manchester (Blu)",30.0,="383726403510","S",53.52799,-2.24697,195,"noexport=1"
="MAC000001308",="MAC1308","Rochdale Rd (A664) / 400m NE of Stanycliffe Ln, Middleton, Rochdale (Blu)",30.0,="388024407705","SW",53.56582,-2.1823,210,"noexport=1"
="MAC000001309",="MAC1309","Roe Cross Rd (A6018) / 160m SE of Edge Ln, Longendale, Tameside (Blu)",40.0,="398925396217","NW",53.46269,-2.01765,315,"noexport=1"
="MAC000001310",="MAC1310","Stamford St E (A635) / 5m W od Cobden St, A-U-L, Tameside (Blu)",30.0,="394613398974","E",53.48745,-2.08266,105,"noexport=1"
="MAC000001311",="MAC1311","Hyde Rd (A57) / 130m E of Peter St, Denton, Tameside (Blu)",30.0,="393283395525","E",53.45643,-2.10263,105,"noexport=1"
="MAC000001312",="MAC1312","Wilbraham Rd (A6010) / 5m E of St Brannocks Rd, Whalley Range, Manchester (Blu) ",30.0,="382468394062","W",53.44303,-2.26542,270,"noexport=1"
="MAC000001313",="MAC1313","Ashton New Rd (A662) / 120m E of North Rd, Clayton, Manchester (Blu)",30.0,="387869398522","E",53.48327,-2.18427,105,"noexport=1"
="MAC000001314",="MAC1314","Gt Cheetham St W (A576) / 65m W of Gt Clowes St, Broughton, Salford (Blu)",30.0,="382642400494","W",53.50085,-2.26315,255,"noexport=1"
="MAC000001315",="MAC1315","Kingsway (A34) / 130m S of Grangethorpe Dr, Burnage, Manchester (Blu)",40.0,="386365393180","N",53.43522,-2.20671,15,"noexport=1"
="MAC000001316",="MAC1316","Dunham Rd (A56) / 250m N of Charcoal Rd, Bowden, Trafford (Blu)",30.0,="375289387346","SW",53.38237,-2.37297,225,"noexport=1"
="MAC000001317",="MAC1317","Hyde Rd (A57) / 70m E of Redgate Ln, Gorton, Manchester (Blu)",30.0,="386813396611","E",53.46607,-2.2001,105,"noexport=1"
="MAC000001318",="MAC1318","Stockport Rd (A6) / 220m SE of Devonshire St, Longsight, Manchester (Blu)",30.0,="385847396538","NW",53.46539,-2.21465,315,"noexport=1"
="MAC000001319",="MAC1319","Blackburn Rd (A666) / 10m N of Blackbank St, Bolton (Blu)",30.0,="371586410532","N",53.59059,-2.43074,0,"noexport=1"
="MAC000001320",="MAC1320","Huddersfield Rd (A62) / 75m NE of Barry St, Oldham (Blu)",30.0,="393911405452","SW",53.54567,-2.09336,225,"noexport=1"
="MAC000001321",="MAC1321","Lees Rd (A669) / 50m E of Wellyhole St, Lees, Oldham (Blu)",30.0,="394840404521","SE",53.53731,-2.07932,120,"noexport=1"
="MAC000001322",="MAC1322","Elizabethan Way (A640) / 80m N of Harbour Ln, Milnrow, Rochdale (Blu)",40.0,="392780412258","SE",53.60683,-2.11059,135,"noexport=1"
="MAC000001323",="MAC1323","Mossley Rd (A670) / 30m SW of Herries St, A-U-L, Tameside (Blu)",30.0,="394733399478","NE",53.49198,-2.08086,60,"noexport=1"
="MAC000001324",="MAC1324","Ormskirk Rd (A577) / 10m W of Howard St, Pemberton, Wigan (Blu)",30.0,="355134404542","W",53.5356,-2.67842,285,"noexport=1"
="MAC000001325",="MAC1325","Tyldesley Rd (A577) / 60m SE of Braken Rd, Atherton, Wigan (Blu)",30.0,="368061402708","SE",53.52006,-2.48319,135,"noexport=1"
="MAC000001327",="MAC1327","***Holmfirth Rd (A635), Greenfield, Oldham (Blu)",50.0,="401822404772","S",53.53959,-1.97397,180,"noexport=1"
="MAC000001328",="MAC1328","Huddersfield Rd (A62), Saddleworth, Oldham (Blu)",50.0,="401825409490","SW",53.582,-1.9739,240,"noexport=1"
="MAC000001329",="MAC1329","Oldham Rd (A672) / 115m NE of Mantley Ln, Denshaw, Oldham (Blu)",40.0,="396623409171","NE",53.57912,-2.05248,45,"noexport=1"
="MAC000001330",="MAC1330","Todmorden Rd (A6033), Littleborough, Rochdale (Blu)",40.0,="394630418955","S",53.66705,-2.08275,165,"noexport=1"
="MAC000001331",="MAC1331","Manchester Rd (A56), Ramsbottom, Bury (Blu)",40.0,="380037415865","S",53.63892,-2.30341,165,"noexport=1"
="MAC000001332",="MAC1332","East Lancashire Rd (A580) / 100m E of Newton Ln, Golborne, Wigan (Blu)",60.0,="359808397192","E",53.46992,-2.60695,105,"noexport=1"
="MAC000001333",="MAC1333","Otterspool Rd (A627) / 50m N of Vale Rd, Romiley, Stockport (Blu)",40.0,="393669389709","S",53.40416,-2.09669,195,"noexport=1"
="MAC000001334",="MAC1334","Manchester Airport Eastern Link Rd (A555), Bramhall, Stockport (Blu)",70.0,="388065383884","E",53.3517,-2.18076,90,"noexport=1"
="MAC000001335",="MAC1335","Manchester Rd (A666) / 15m S of Berry St, Pendlebury, Salford (Blu)",30.0,="377900402791","N",53.52132,-2.3348,345,"noexport=1"
="MAC000001336",="MAC1336","Warrington Rd (A49) / 10m N of Violet St, A-I-M, Wigan (Blu)",30.0,="357709398836","S",53.48453,-2.6388,180,"noexport=1"
="MAC000001337",="MAC1337","Blackrod Bypass Rd (A6) / 100m SE of Factory Brow, Blackrod, Bolton (Blu)",50.0,="361936410898","SE",53.59327,-2.57656,135,"noexport=1"
="MAC000001338",="MAC1338","Edenfield Rd (A680) / 75m SE of Over Town Ln, Norden, Rochdale (Blu)",40.0,="384285415207","SE",53.63315,-2.23912,135,"noexport=1"
="MAC000001339",="MAC1339","Ramsbottom Rd (A676) / 350m E of Bury Rd, Hawkshaw, Bury (Blu)",40.0,="375078414965","E",53.63061,-2.37834,75,"noexport=1"
="MAC000001340",="MAC1340","Chorley Rd (A6) / 5m E of Reginald St, Swinton, Salford (Blu)",30.0,="376954402204","SE",53.516,-2.34903,126,""
="MAC000001341",="MAC1341","Worsley Rd N (A575) / 15m S of Argyle Ave, Walkden, Salford (Blu)",30.0,="373567404313","N",53.5348,-2.40028,0,""
="MAC000001342",="MAC1342","Manchester Rd (A666) / 130m SE of Moss Ln, Kearsley, Bolton (Blu)",30.0,="376172404175","NW",53.53368,-2.36097,315,""
="MAC000001343",="MAC1343","Manchester Rd (B6536) / 130m SE of Mayfield Ave, Burnden, Bolton (Blu)",30.0,="372864407446","NW",53.56292,-2.41117,315,""
="MAC000001344",="MAC1344","Bradford Rd / 20m N of Daffodil Rd, Farnworth, Bolton (Blu)",30.0,="372227406109","S",53.55087,-2.42066,180,""
="MAC000001405",="MAC1405MR","Lloyd St N / 150m N of Denmark Rd, Hulme, Manchester (Blu)",30.0,="384459396142","N",53.46179,-2.23555,0,""
="MAC000001406",="MAC1406MR","Upper Lloyd St / 70m N of Gt Western St, Moss Side, Manchester (Blu)",30.0,="384439395589","N",53.45682,-2.23581,0,""
="MAC010001012",="MAC1012WG","Warrington Rd (A49) / 50m S of Worthington Way, Winstanley, Wigan (Blu)",,="356841402681","N",53.51902,-2.6524,358,"noexport=1"
="MAC010001013",="MAC1013WG","Warrington Rd (A49) / Smithy Brook Rd (2103), Worsley Mesnes, Wigan (Blu)",,="356685403784","N",53.52892,-2.6549,0,"noexport=1"
="MAC010001014",="MAC1014WG","Warrington Rd (A49) / Victoria St (1188), Wigan (Blu)",30.0,="356921404934","NE",53.53928,-2.6515,30,"noexport=1"
="MAC010001015",="MAC1015WG","Wallgate (A49) / Caroline St (1151), Wigan (Blu)",,="357971405354","NE",53.54314,-2.63571,60,"noexport=1"
="MAC010001016",="MAC1016WG","Poolstock Ln (B5238) / St Paul's Ave (10/171), Worsley Mesnes, Wigan (Blu)",,="357175403429","NE",53.52577,-2.64746,29,"noexport=1"
="MAC010001017",="MAC1017WG","Poolstock Ln (B5238) / 5m N of Holt St (10/221), Worsley Mesnes, Wigan (Blu)",,="357424403874","N",53.52979,-2.64377,22,"noexport=1"
="MAC010001018",="MAC1018WG","Chapel Ln (A49) / Queen St (1132), Wigan (Blu)",,="358288405155","NE",53.54137,-2.6309,27,"noexport=1"
="MAC010001019",="MAC1019WG","Crow Orchard Rd (A5209) / 15m E of Whiteacre, Shevington, Wigan (Blu)",,="354356410522","W",53.58928,-2.69103,287,"noexport=1"
="MAC010001020",="MAC1020WG","High St (A49) / School Ln (10/020), Standish, Wigan (Blu)",,="356128410193","N",53.58648,-2.66421,349,"noexport=1"
="MAC010001021",="MAC1021WG","Wigan Ln (A49) / 20m NW of St Clement's Rd (10/115), Wigan (Blu)",,="358261407636","NW",53.56367,-2.63164,327,"noexport=1"
="MAC010001022",="MAC1022WG","Wigan Ln (A49) / Hospital Junction (10/211), Marylebone, Wigan (Blu)",,="358475407144","N",53.55927,-2.62835,0,"noexport=1"
="MAC010001023",="MAC1023WG","Central Park Way (A49) / Greenough St (1135), Wigan (Blu)",,="358664406009","NW",53.54908,-2.62534,329,"noexport=1"
="MAC010001024",="MAC1024WG","Woodhouse Dr (B5375) / Scot Ln (2100), Beech Hill, Wigan (Blu)",,="356288406987","NW",53.55768,-2.66134,330,"noexport=1"
="MAC010001025",="MAC1025WG","Scot Ln / Challenge Way (2102), Beech Hill, Wigan (Blu)",,="356010406438","N",53.55272,-2.66546,0,"noexport=1"
="MAC010001026",="MAC1026WG","Orrell Rd (A577) / Fleet St (10/033), Pemberton, Wigan (Blu)",,="354698404645","N",53.53649,-2.685,0,"noexport=1"
="MAC010001027",="MAC1027WG","Ormskirk Rd (A577) / 15m W of Sherwood Drive (10/148), Pemberton, Wigan (Blu)",,="355624404547","E",53.53569,-2.67101,75,"noexport=1"
="MAC010001028",="MAC1028WG","Ormskirk Rd (A577) / 25m W of Alker St (10/105), Newtown, Wigan (Blu)",,="356538404759","NE",53.53767,-2.65725,60,"noexport=1"
="MAC010001029",="MAC1029WG","Pemberton Rd (A571) / 60m N of Pine View, Winstanley, Wigan (Blu)",,="354756402465","N",53.5169,-2.68382,0,"noexport=1"
="MAC010001030",="MAC1030WG","Billinge Rd (A571) / Little Lane (10/127), Pemberton, Wigan (Blu)",,="355990404170","N",53.53233,-2.66544,0,"noexport=1"
="MAC010001031",="MAC1031WG","Holmes House Ave / 40 S of Edge Ware Gr (10/161), Winstanley, Wigan (Blu)",,="355742402990","N",53.52171,-2.66901,0,"noexport=1"
="MAC010001054",="MAC1054BY","M66 Slip / Pilsworth Rd (2/039), Hollins, Bury (Blu)",30.0,="382124409155","E",53.57868,-2.27145,105,"noexport=1"
="MAC010001101",="MAC1101WG","(P)  East Lancashire Rd (A580) / Mosley Common Rd (6/059), Boothstown, Salford (Blu)",30.0,="371989401133","N",53.50613,-2.42381,345,"noexport=1"
="MAC010001102",="MAC1102WG","(P) Mosley Common Rd (A577) / Bridgewater Rd, Mosley Common, Wigan (Blu)",30.0,="371851401310","W",53.50771,-2.42591,285,"noexport=1"
="MAC010001103",="MAC1103WG","(P) Sale Ln (A577) / Mort Ln, Tyldesley, Wigan (Blu)",30.0,="371040402026","W",53.51411,-2.4382,270,"noexport=1"
="MAC010001104",="MAC1104WG","Manchester Rd (A577) / Hough Ln (10/089), Tyldesley, Wigan (Blu)",30.0,="370464401949","W",53.51339,-2.44687,270,"noexport=1"
="MAC010001105",="MAC1105WG","Castle Street (A577) / Shakerley Rd (10/185), Tyldesley, Salford (Blu)",30.0,="368665402234","NW",53.51584,-2.47403,300,"noexport=1"
="MAC010001106",="MAC1106WG","Tyldesley Rd (A577) / Hamilton St (10/139), Atherton, Wigan (Blu)",30.0,="367825402911","N",53.52188,-2.48676,345,"noexport=1"
="MAC010001107",="MAC1107WG","(P) Wigan Rd (A577) / Atherleigh Way, Atherton, Wigan (Blu)",30.0,="366382403109","NE",53.52356,-2.50856,60,"noexport=1"
="MAC010001108",="MAC1108WG","Wigan Rd (A577) / Lovers Ln (10/080), Atherleigh, Wigan (Blu)",30.0,="365927402982","E",53.5224,-2.5154,105,"noexport=1"
="MAC010001109",="MAC1109WG","Leigh Rd (A578) / Atherton Rd (10/047), Hindley, Wigan (Blu)",30.0,="364070403052","NE",53.5229,-2.54341,30,"noexport=1"
="MAC010001110",="MAC1110WG","Wigan Rd (A577) / Market St (2108), Hindley, Wigan (Blu)",30.0,="361577404286","SE",53.53382,-2.58117,135,"noexport=1"
="MAC010001111",="MAC1111WG","Manchester Rd (A577) / Ince Green Ln (10/009), Ince, Wigan (Blu)",30.0,="359991405376","SE",53.54349,-2.60524,120,"noexport=1"
="MAC010001112",="MAC1112WG","Manchester Rd (A577) / Darlington St E (10/230), Ince, Wigan (Blu)",30.0,="359372405582","E",53.5453,-2.6146,90,"noexport=1"
="MAC010001113",="MAC1113WG","Darlington St (A577) / Warrington Ln (1162), Wigan (Blu)",30.0,="358714405313","E",53.54283,-2.6245,75,"noexport=1"
="MAC010001118",="MAC1118WG","Leigh Rd (A578) / Smith's Ln (10/223), Leigh, Wigan (Blu)",30.0,="363868402045","NW",53.51384,-2.54635,330,"noexport=1"
="MAC010004094",="MAC4094WG","Atherleigh Way (A579) / Twist Ln (2146), Leigh, Wigan (Blu)",,="365078400162","NE",53.49699,-2.52789,32,""
="MAC010004095",="MAC4095WG","King St (A572) / Spinning Jenny Way (1181), Leigh, Wigan (Blu)",,="365618399937","N",53.49501,-2.51972,15,""
="MAC010004096",="MAC4096WG","Manchester Rd (A572) / Chapel St (10/011), Leigh, Wigan (Blu)",,="366987399605","E",53.49211,-2.49905,105,""
="MAC010004097",="MAC4097WG","East Lancashire Rd (A580) / Chaddock Ln (10/022), Astley, Wigan (Blu)",,="371492400946","E",53.50443,-2.43128,75,""
="MAC010004125",="MAC4125WG","Bolton Rd (A58) / Bryn Rd (10/175), A-I-M, Wigan (Blu)",,="358361399719","NE",53.49252,-2.62908,45,""
="MAC010004241",="MAC4241WG","East Lancashire Rd (A580) / Newton Rd (2120), Lowton, Wigan (Blu)",,="362389396916","E",53.46763,-2.56803,90,""
="MAC010004242",="MAC4242WG","East Lancashire Rd (A580) / Atherleigh Way (10/145), Leigh, Wigan (Blu)",,="364491397357","E",53.47174,-2.53642,75,""
="MAC010004243",="MAC4243WG","(P) East Lancashire Rd (A580) / 25m E of Warrington Rd, Leigh, Wigan (Blu)",,="366944398323","E",53.48058,-2.49958,75,""
="MAC010004256",="MAC4256WG","Market St (A58) / 10m S of Lowe Mill St (2105), Hindley, Wigan (Blu)",,="361810404499","NE",53.53575,-2.57768,45,""
="MAC010004270",="MAC4270WG","Leigh Rd (B5215) / Kirkhall Ln (1176), Leigh, Wigan (Blu)",,="365732400983","N",53.50442,-2.51812,0,""
="MAC010004271",="MAC4271WG","Leigh Rd (B5215) / Lovers Ln (10/207), Atherleigh, Wigan (Blu)",,="366347402339","NE",53.51664,-2.50899,30,""
="MAC010004272",="MAC4272WG","Bolton Rd (A579) / York St (2124), Atherton, Wigan (Blu)",,="367796403316","NE",53.52552,-2.48724,45,""
="MAC010004292",="MAC4292WG","Atherleigh Way (A579) / St Helen's Rd (10/099), Leigh, Wigan (Blu)",,="364621398627","N",53.48317,-2.5346,0,""
="MAC010004293",="MAC4293WG","Golborne Rd (B5207) / Slag Ln (10/066), Lowton, Wigan (Blu)",,="361513397753","NE",53.47509,-2.58133,47,""
="MAC010004294",="MAC4294WG","Warrington Rd (A573) / Lily Ln (10/008), Abram, Wigan (Blu)",,="360461402415","N",53.51691,-2.59778,356,""
="MAC010004309",="MAC4309WG","High St (A573) / 15m SW of Heath St (10/126), Golborne, Wigan (Blu)",,="360455397876","NE",53.47611,-2.59729,30,""
="MAC010004310",="MAC4310WG","Wigan Rd (A49) / Downall Green Rd (10/003), Bryn, Wigan (Blu)",,="357107400736","N",53.50156,-2.64812,345,""
="MAC010004311",="MAC4311WG","M6 J24 Off-Slip / Liverpool Rd (10/218), A-I-M, Wigan (Blu)",,="356850399084","E",53.48669,-2.65176,90,""
="MAC010004312",="MAC4312WG","Scholes (B5238) / Greenough St (1159), Wigan (Blu)",,="358925405832","NE",53.54751,-2.62138,45,""
="MAC010004313",="MAC4313WG","Wigan Rd (B5238) / Cale Ln (10/188), Whelley, Wigan (Blu)",,="359999407018","NE",53.55825,-2.60533,60,""
="MAC010004447",="MAC4447WG","(P) Leigh Rd (B5215) / Naylor St, Atherton, Wigan (Blu)",,="367068403058","NE",53.52315,-2.4982,45,""
="MAC010004454",="MAC4454WG","Bolton Rd (B5239) / Wigan Rd, Aspull, Wigan (Blu)",,="361379408050","NW",53.56763,-2.58463,300,""
="MAC010004463",="MAC4463WG","(STOLEN) M6 J25 / Wigan Rd, Bryn, Wigan (Blu)",,="356893401968","N",53.51261,-2.65152,345,""
="MAC010004517",="MAC4517WG","East Lancashire Rd (A580) / Church Ln (2121), Lowton, Wigan (Blu)",,="362175396915","NW",53.46761,-2.57126,315,""
="MAC010004518",="MAC4518WG","Newton Rd (A572) / Winwick Ln (2123), Lowton, Wigan (Blu)",,="362100396535","NE",53.46419,-2.57234,60,""
="MAC010004519",="MAC4519WG","Plank Ln / 120m SW of Crankwood Rd (10/135), Pennington Flash, Wigan (Blu)",,="363110399688","NE",53.4926,-2.5575,30,""
="MAC010004520",="MAC4520WG","Gathurst Ln (B5206) / 10m N of New Miles Ln (10/129), Shevington, Wigan (Blu)",,="354091408462","N",53.57074,-2.69473,15,""
="MAC010004521",="MAC4521WG","Gidlow Ln / Spencer Rd W (10/058), Wigan (Blu)",,="357331407290","E",53.56048,-2.64565,90,""
="MAC010004522",="MAC4522WG","Park Rd (B5375) / Gidlow Ln (10/174), Wigan (Blu)",,="357487406381","W",53.55233,-2.64316,285,""
="MAC010004523",="MAC4523WG","Northway (B5376) / New Market St (1138), Wigan (Blu)",,="358209406067","NW",53.54957,-2.63222,330,""
="MAC010004588",="MAC4588WG","Orrell Rd (A577) / Moor Rd (10/017), Orrell, Wigan (Blu)",,="353431405047","NE",53.53999,-2.70419,30,""
="MAC011001132",="MAC1132BL","(X) Albert Rd (A575) / King St (658), Farnworth, Bolton (Blu)",,="373570405775","NW",53.54794,-2.40037,330,""
="MAC011001133",="MAC1133BL","Market St (A6053) / King St (653), Farnworth, Bolton (Blu)",,="374003405882","NW",53.54892,-2.39383,317,""
="MAC011001143",="MAC1143BL","(NO UNIT RTA) (P) De Havilland Way (A6027) / 70m S of M61 J6, Middlebrook, Bolton (Blu)",,="363816408634","NE",53.57305,-2.5479,45,""
="MAC011004101",="MAC4101BL","Blackburn Rd (A666) / Darwen Rd (1/111), Egerton, Bolton (Blu)",,="371300414154","N",53.62313,-2.43539,0,""
="MAC011004102",="MAC4102BL","Blackburn Rd (A666) / Moss Bank Way (226), Astley Bridge, Bolton (Blu)",,="371456411682","N",53.60092,-2.4328,0,""
="MAC011004103",="MAC4103BL","Kay St (A666) / Topp Way (269), Bolton (Blu)",,="371820409812","N",53.58414,-2.42713,0,""
="MAC011004127",="MAC4127BL","Moss Bank Way (A58) / Stapleton Ave (1/046), Markland Hill, Bolton (Blu)",,="368074410094","W",53.58645,-2.48374,283,""
="MAC011004129",="MAC4129BL","Moss Bank Way (A58) / Halliwell Rd (1/009), Halliwell, Bolton (Blu)",,="370188411199","E",53.59651,-2.45192,75,""
="MAC011004130",="MAC4130BL","Crompton Way (A58) / Tonge Moor Rd (1/081), Tonge Moor, Bolton (Blu)",,="372897411238","E",53.59701,-2.41099,105,""
="MAC011004132",="MAC4132BL","Wigan Rd (A676) / Hulton Ln (1/122), Deane, Bolton (Blu)",,="369308407943","SW",53.5672,-2.46489,240,""
="MAC011004133",="MAC4133BL","Bradford St (A579) / St Peter's Way (232), Bolton (Blu)",,="372291408868","NE",53.57568,-2.41993,60,""
="MAC011004160",="MAC4160BL","(X) Chorley Rd (A6) / Manchester Rd (1/129), Blackrod, Bolton (Blu)",,="362749409251","NW",53.57852,-2.56408,330,""
="MAC011004161",="MAC4161BL","Chorley New Rd (A673) / Mason St (1/014) Horwich, Bolton (Blu)",,="363705411374","NW",53.59767,-2.54989,330,""
="MAC011004163",="MAC4163BL","Moss Bank Way (A58) / 10m SW of Tattersall Ave (1/027), Halliwell, Bolton (Blu)",,="368488410681","NE",53.59176,-2.47755,30,""
="MAC011004166",="MAC4166BL","Bradford St (A579) / Castle St (221), Bolton (Blu)",,="372527409075","NE",53.57755,-2.41639,45,""
="MAC011004168",="MAC4168BL","Market St (A6053) / 10m SE of Heywood St (1/043), Little Lever, Bolton (Blu)",,="375551407309","NW",53.56183,-2.37058,300,""
="MAC011004171",="MAC4171BL","Crompton Way (A49) / Thicketford Rd (1/049), Tonge Moor, Bolton (Blu)",,="373233410421","NW",53.58968,-2.40584,330,""
="MAC011004173",="MAC4173BL","Blackburn Rd (A666) / Halliwell Rd (229), Bolton (Blu)",,="371615410296","N",53.58847,-2.43027,0,""
="MAC011004200",="MAC4200BL","Bolton Rd (A666) / Stoneclough Rd (1/011), Kearsley, Bolton (Blu)",,="374766405112","NW",53.54204,-2.38225,300,""
="MAC011004201",="MAC4201BL","Bolton Rd (A6053) / Higher Market St / Long Causeway (606), Kersley, Bolton (Blu)",,="374243405397","NW",53.54457,-2.39018,315,""
="MAC011004202",="MAC4202BL","Bolton Rd (A6053) / Egerton St (451), Moses Gate, Bolton (Blu)",,="373543406654","N",53.55584,-2.40084,0,""
="MAC011004203",="MAC4203BL","Bradshawgate (A575) / Trinity St (220), Bolton (Blu)",,="371995408784","N",53.57491,-2.4244,345,""
="MAC011004257",="MAC4257BL","Cricketers Way (A58) / Wigan Rd (278), Westhoughton, Bolton (Blu)",,="365188405790","E",53.54759,-2.52686,90,""
="MAC011004258",="MAC4258BL","Wigan Rd (A676) / Beaumont Rd (1/022), Deane, Bolton (Blu)",,="368654407381","NE",53.56211,-2.47471,45,""
="MAC011004259",="MAC4259BL","Deane Rd (A676) / Moor Ln (271), Bolton (Blu)",,="371301408766","NE",53.57471,-2.43488,45,""
="MAC011004273",="MAC4273BL","Newbrook Rd (A579) / Salford Rd (1/002), Over Hulton, Bolton (Blu)",,="369012405795","N",53.54787,-2.46915,0,""
="MAC011004274",="MAC4274BL","St Helen's Rd (A579) / Hulton Ln (1/096), Daubhill, Bolton (Blu)",,="369295406787","NE",53.5568,-2.46497,57,""
="MAC011004275",="MAC4275BL","Trinity St (A579) / Moor Ln (215), Bolton (Blu)",,="371356408647","NE",53.57364,-2.43403,60,""
="MAC011004295",="MAC4295BL","Bury New Rd (A666) / Folds Road (243), Bolton (Blu)",,="372059409603","NE",53.58227,-2.4235,60,""
="MAC011004296",="MAC4296BL","Bury New Rd (A673) / Bradford St (224), Bolton (Blu)",,="372792409304","E",53.57962,-2.41241,75,""
="MAC011004297",="MAC4297BL","(TEMP REMOVED) Bury Rd (A579) / Crompton Way (225), Tonge Fold, Bolton (Blu)",,="373658409421","NW",53.58071,-2.39934,315,""
="MAC011004300",="MAC4300BL","De Havilland Way (A6027) / 100m W of Burden Way (1/086), Middlebrook, Bolton (Blu)",,="364502409169","SW",53.57791,-2.5376,236,""
="MAC011004301",="MAC4301BL","De Havilland Way (A6027) / 50m E of Burden Way (1/080), Middlebrook, Bolton (Blu)",,="364684409268","NE",53.57881,-2.53487,61,""
="MAC011004302",="MAC4302BL","De Havilland Way (A6027) / Mansell Way (1/090), Middlebrook, Bolton (Blu)",,="365158409561","NW",53.58148,-2.52773,330,""
="MAC011004303",="MAC4303BL","Chorley New Rd (A673) / 5m E of Oxford Rd (1/023), Horwich, Bolton (Blu)",,="365634409785","NW",53.58352,-2.52058,315,""
="MAC011004304",="MAC4304BL","Chorley New Rd (A673) / Victoria Rd (1/004), Markland Hill, Bolton (Blu)",,="367772409307","E",53.57936,-2.48822,75,""
="MAC011004305",="MAC4305BL","Chorley New Rd (A673) / Tudor Ave (247), Heaton, Bolton (Blu)",,="369790409355","N",53.57991,-2.45775,0,""
="MAC011004306",="MAC4306BL","Chorley Old Rd (B6226) / St George's Rd (201), Bolton (Blu)",,="370955409621","NW",53.58237,-2.44018,300,""
="MAC011004307",="MAC4307BL","Marsden Rd (B673) / Topp Way (202), Bolton (Blu)",,="371254409490","N",53.58121,-2.43565,0,""
="MAC011004308",="MAC4308BL","De Havilland Way (A6027) / Lostock Ln (1/091), Middlebrook, Bolton (Blu)",,="365199409511","NE",53.58103,-2.52711,45,""
="MAC011004314",="MAC4314BL","Chorley Rd (A6) / Dicconson Ln (1/078), Westhoughton, Bolton (Blu)",,="363935408127","SE",53.5685,-2.54605,135,""
="MAC011004334",="MAC4334BL","(TEMP REMOVED) Trinity St (A579) / Thynne St (240), Bolton (Blu)",,="371787408688","W",53.57403,-2.42753,270,""
="MAC011004342",="MAC4342BL","Manchester Rd (B6536) / Raikes Ln (249), Burnden, Bolton (Blu)",,="372636407742","NW",53.56557,-2.41462,330,""
="MAC011004343",="MAC4343BL","Manchester Rd (B6536) / Green Ln (1/116), Burnden, Bolton (Blu)",,="372995407312","NW",53.56173,-2.40917,315,""
="MAC011004344",="MAC4344BL","Loxham St (A6053) / Bolton Rd (705), Moses Gate, Bolton (Blu)",,="373512406823","N",53.55736,-2.40132,345,""
="MAC011004345",="MAC4345BL","Long Causeway (A5082) / Worsley Rd (456), Farnworth, Bolton (Blu)",,="373612405260","N",53.54331,-2.39968,0,""
="MAC011004389",="MAC4389BL","Blackrod By-Pass Road (A6) / Station Rd (1/010), Blackrod, Bolton (Blu)",,="362380410484","NW",53.58958,-2.5698,300,""
="MAC011004446",="MAC4446BL","(P) Park Rd (A58) / Manchester Rd, Westhoughton, Bolton (Blu)",,="367031406100","NE",53.55049,-2.49909,45,""
="MAC011004465",="MAC4465BL","(P) Snydale Way (A58) / 80m SW of M61 J5, Westhoughton, Bolton (Blu)",,="367505406537","NE",53.55444,-2.49197,60,""
="MAC011004466",="MAC4466BL","(X) Snydale Way (A58) / 20m W of Pendlebury Fold, Westhoughton, Bolton (Blu)",,="367746406791","NE",53.55674,-2.48836,45,""
="MAC011004467",="MAC4467BL","(P) Watergate Ln (A6) / 20m N of Salford Rd, Hulton, Bolton (Blu)",,="370260405309","NE",53.54357,-2.45028,30,""
="MAC011004592",="MAC4592BL","Cricketers Way (A58) / Leigh Rd (275), Westhoughton, Bolton (Blu)",,="365768405682","N",53.54665,-2.51809,0,""
="MAC011004593",="MAC4593BL","Wigan Rd (A58) / Wearish Ln (1/112), Westhoughton, Bolton (Blu)",,="364463405276","N",53.54292,-2.53774,0,""
="MAC011004602",="MAC4602MR","St Peters Way (A666) / 192m NW of Fern St, Farnworth, Bolton (Blu)",,="373900406571","N",53.55511,-2.39545,345,""
="MAC012001063",="MAC1063DS","(X) A6 / 80m NW of Buxton Rd, Derbyshire (Blu)",50.0,="401300382478","N",53.3392,-1.98194,359,"noexport=1"
="MAC012004052",="MAC4052CH","(X) Airport Link (A555) / Southern Roundabout, Handforth, Cheshire (Blu)",,="385569384399","NE",53.35627,-2.21829,45,""
="MAC020004083",="MAC4083BU","Jubilee Way (A58) / Manchester Rd (473), Bury (Blu)",,="380184410515","SE",53.59084,-2.30084,120,""
="MAC020004084",="MAC4084BU","Manchester Rd (A56) / Radcliffe Rd (2/006), Bury (Blu)",,="380311409649","N",53.58306,-2.29886,0,""
="MAC020004085",="MAC4085BU","Manchester Rd (A56) / Dumers Ln (2/036), Hollins, Bury (Blu)",,="380535408582","E",53.57348,-2.29541,90,""
="MAC020004086",="MAC4086BU","Manchester Rd (A56) / Hollins Brow (2/049), Hollins, Bury (Blu)",,="380759407757","N",53.56607,-2.29198,0,""
="MAC020004087",="MAC4087BU","Bury New Rd (A56) / Radcliffe New Rd (513), Whitefield, Bury (Blu)",,="380399406339","N",53.55331,-2.29733,0,""
="MAC020004088",="MAC4088BU","Bury New Rd (A56) / Higher Ln (465), Whitefield, Bury (Blu)",,="380820405277","N",53.54378,-2.29091,0,""
="MAC020004089",="MAC4089BU","Bury New Rd (A56) / Pinfold Dr (527), Prestwich, Bury (Blu)",,="381005404464","N",53.53648,-2.28807,0,""
="MAC020004090",="MAC4090BU","Bury New Rd (A56) / Scholes Ln (2/005), Prestwich, Bury (Blu)",,="381773403015","NW",53.52348,-2.27639,330,""
="MAC020004135",="MAC4135BU","Bolton Rd W (A676) / Longsight Rd (2/056), Greenmount, Bury (Blu)",,="377978415256","NE",53.63336,-2.3345,36,""
="MAC020004136",="MAC4136BU","Ainsworth Rd (B6196) / Lowercroft Rd (2/034), Ainsworth, Bury (Blu)",,="377488410403","E",53.58972,-2.34156,75,""
="MAC020004137",="MAC4137BU","Bolton Rd (A58) / Ainsworth Rd (311), Bury (Blu)",,="379457410729","NE",53.59273,-2.31184,45,""
="MAC020004138",="MAC4138BU","Crostons Rd (B6213) / Tottington Rd (469), Bury (Blu)",,="379623411140","SW",53.59643,-2.30935,212,""
="MAC020004139",="MAC4139BU","Peel Way (A56) / Moorgate (476), Bury (Blu)",,="380918411167","E",53.59673,-2.28979,90,""
="MAC020004140",="MAC4140BU","Water St (A665) / Ainsworth Rd (538), Radcliffe, Bury (Blu)",,="378055407474","N",53.56342,-2.33279,0,""
="MAC020004142",="MAC4142BU","Bury New Rd (A56) / St Ann's Rd (2/004), Prestwich, Bury (Blu)",,="381520403468","NW",53.52755,-2.28024,330,""
="MAC020004207",="MAC4207BU","Bury Old Rd (A665) / Scholes Ln (2/102), Prestwich, Bury (Blu)",,="382578403142","N",53.52465,-2.26426,0,""
="MAC020004279",="MAC4279BU","Rochdale Rd (A58) / Derby Way (373), Bury (Blu)",,="380935410826","E",53.59366,-2.28951,104,""
="MAC020004280",="MAC4280BU","Rochdale Rd (A58) / Wash Ln (569), Bury (Blu)",,="381899410631","W",53.59194,-2.27494,283,""
="MAC020004298",="MAC4298BU","Bury and Bolton Rd (A58) / Higher Ainsworth Rd (2/009), Ainsworth, Bury (Blu)",,="377387409463","E",53.58127,-2.34302,75,""
="MAC020004299",="MAC4299BU","Peel Way (A56) / Bolton St (471), Bury (Blu)",,="380024410944","W",53.59469,-2.30328,255,""
="MAC020004374",="MAC4374BU","Manchester Rd (A56) / Bury New Rd (2/066), Ramsbottom, Bury (Blu)",,="380057416502","N",53.64465,-2.30314,0,""
="MAC020004375",="MAC4375BU","Angouleme Way (A58) / Market St (475), Bury (Blu)",,="380540410482","NW",53.59056,-2.29546,300,""
="MAC020004376",="MAC4376BU","Jubilee Way (A58) / Bolton St (472), Bury (Blu)",,="379975410874","N",53.59406,-2.30402,0,""
="MAC020004452",="MAC4452BU","(P) Bury New Rd (A58) / Radcliffe Moor Rd, Breightmet, Bury (Blu)",,="375741409063","E",53.5776,-2.36785,105,""
="MAC020004483",="MAC4483BU","(P) Bury New Rd (A58) / M66 J2, Heap Bridge, Bury (Blu)",,="382201410541","W",53.59114,-2.27038,270,""
="MAC030001049",="MAC1049MR","Chester Rd (A56) / Mancunian Way Roundabout (West) (1126), Manchester (Blu)",30.0,="382950397270","NE",53.47188,-2.25833,60,"noexport=1"
="MAC030001144",="MAC1144MR","Portland St (A5103) / Parker St (106), Manchester (Blu)",,="384430398181","NE",53.48012,-2.23607,45,""
="MAC030001145",="MAC1145MR","Portland St (A5103) / Princess St (118), Manchester (Blu)",,="384157397891","NE",53.4775,-2.24017,45,""
="MAC030001146",="MAC1146MR","Portland St (A6) / Piccadilly (105), Manchester (Blu)",,="384539398249","NW",53.48073,-2.23443,330,""
="MAC030001147",="MAC1147MR","Dale St / Newton St (44), Manchester (Blu)",,="384594398325","NW",53.48142,-2.23361,300,""
="MAC030001148",="MAC1148MR","London Rd (A6) / Piccadilly (103), Manchester (Blu)",,="384644398050","N",53.47895,-2.23284,345,""
="MAC030001150",="MAC1150MR","Oxford Rd (B5117) / Dover St (1113), Brunswick, Manchester (Blu)",,="384660396494","NW",53.46496,-2.23253,330,""
="MAC030001151",="MAC1151MR","Oxford Rd (B5117) / Hathersage Rd (6), Manchester (Blu)",,="384977395855","N",53.45923,-2.22772,345,""
="MAC030001152",="MAC1152MR","Upper Brook St (A34) / Hathersage Rd (133), Longsight, Manchester (Blu)",,="385477395849","NW",53.45919,-2.22019,330,""
="MAC030001153",="MAC1153MR","Oxford Rd (A34) / Charles St (87), Manchester (Blu)",,="384175397417","NW",53.47324,-2.23988,330,""
="MAC030001154",="MAC1154MR","(X) Dale St / Ducie St, Manchester (Blu)",,="384722398094","NW",53.47934,-2.23167,330,""
="MAC030004001",="MAC4001MR","Dawson St (A57) / Regent Rd (1035), Manchester (Blu)",,="382718397658","N",53.47536,-2.26184,0,""
="MAC030004005",="MAC4005MR","Trinity Way (A6042) / Great Ducie St (47), Manchester (Blu)",,="383793399106","E",53.48841,-2.24572,75,""
="MAC030004006",="MAC4006MR","Cheetham Hill Rd (A665) / New Bridge St (178), Manchester (Blu)",,="384060399221","SE",53.48946,-2.2417,120,""
="MAC030004007",="MAC4007MR","Corporation St (A6042) / Miller St (32), Manchester (Blu)",,="384168399034","SE",53.48778,-2.24006,135,""
="MAC030004008",="MAC4008MR","Gt Ancoats St (A665) / Oldham Rd (46), Manchester (Blu)",,="384644398696","SE",53.48475,-2.23287,135,""
="MAC030004009",="MAC4009MR","Great Ancoats St (A665) / Laystall St (1198), Ancoats, Manchester (Blu)",,="385048398338","SE",53.48155,-2.22677,135,""
="MAC030004010",="MAC4010MR","Great Ancoats St (A665) / Pollard St (121), Ancoats, Manchester (Blu)",,="385330398098","SE",53.4794,-2.22251,135,""
="MAC030004011",="MAC4011MR","Gt Ancoats St (A665) / Pin Mill Brow (169), Ancoats, Manchester (Blu)",,="385632397740","SW",53.47619,-2.21794,225,""
="MAC030004012",="MAC4012MR","Mancunian Way (A635) / Fairfield St (161), Ardwick, Manchester (Blu)",,="385511397650","E",53.47538,-2.21976,90,""
="MAC030004013",="MAC4013MR","Ashton Old Rd (A635) / Chancellor Ln (11), Ardwick, Manchester (Blu)",,="385709397642","E",53.47531,-2.21678,89,""
="MAC030004014",="MAC4014MR","Ashton Old Rd (A635) / Pottery Ln (10), Beswick, Manchester (Blu)",,="387195397503","E",53.4741,-2.19438,90,""
="MAC030004015",="MAC4015MR","Ashton Old Rd (A635) / Fairfield Rd (8), Openshaw, Manchester (Blu)",,="389241397358","E",53.47284,-2.16355,90,""
="MAC030004035",="MAC4035MR","Hyde Rd (A57) / Reddish Ln (51), Gorton, Manchester (Blu)",,="389458395696","W",53.4579,-2.16024,270,""
="MAC030004036",="MAC4036MR","Hyde Rd (A57) / Mount Rd (50), Belle Vue, Manchester (Blu)",,="387977396240","W",53.46277,-2.18255,285,""
="MAC030004037",="MAC4037MR","Hyde Rd (A57) / Pottery Ln (1099), Gorton, Manchester (Blu)",,="387062396537","W",53.46541,-2.19635,285,""
="MAC030004038",="MAC4038MR","Hyde Rd (A57) / Devonshire St (49), Ardwick, Manchester (Blu)",,="385776396920","W",53.46882,-2.21573,285,""
="MAC030004039",="MAC4039MR","Hyde Rd (A57) / 200m W of Dalberg St (3/121), Ardwick, Manchester (Blu)",,="385343397053","W",53.47001,-2.22226,285,""
="MAC030004061",="MAC4061MR","Cheetham Hill Rd (A665) / Queens Rd (25), Cheetham Hill, Manchester (Blu)",,="384431400404","S",53.5001,-2.23617,198,""
="MAC030004062",="MAC4062MR","Queens Rd (A6010) / Smedley Rd (3/068), Cheetham Hill, Manchester (Blu)",,="385157400635","W",53.5022,-2.22524,270,""
="MAC030004063",="MAC4063MR","Queens Rd (A6010) / Monsall St (3/093), Collyhurst, Manchester (Blu)",,="385796400389","N",53.5,-2.21559,345,""
="MAC030004064",="MAC4064MR","Hulme Hall Ln (A6010) / Vickers St (1146), Miles Platting, Manchester (Blu)",,="386255399706","NW",53.49388,-2.20864,330,""
="MAC030004065",="MAC4065MR","Ashton New Rd (A6010) / Alan Turing Way (7), Beswick, Manchester (Blu)",,="387148398336","SE",53.48159,-2.19512,147,""
="MAC030004066",="MAC4066MR","Dickenson Rd (A6010) / St John's Rd (1049), Longsight, Manchester (Blu)",,="386690395488","E",53.45598,-2.2019,76,""
="MAC030004067",="MAC4067MR","Birchfields Rd (A6010) / Dickenson Rd (41), Rusholme, Manchester (Blu)",,="386054395253","NW",53.45385,-2.21147,330,""
="MAC030004068",="MAC4068MR","Wilmslow Rd (A6010) / 20m N of Platt Ln (142), Rusholme, Manchester (Blu)",,="385338395007","N",53.45162,-2.22224,345,""
="MAC030004069",="MAC4069MR","Wilmslow Rd (A6010) / Wilbraham Rd (148). Fallowfield, Manchester (Blu)",,="385584394002","N",53.44259,-2.21849,0,""
="MAC030004070",="MAC4070MR","Princess Rd (A5103) / Wilbraham Rd (114), Whalley Range, Manchester (Blu)",,="383878394068","S",53.44313,-2.24418,182,""
="MAC030004071",="MAC4071MR","Wilbraham Road (A6010) / Barlow Moor Rd (14), Chorlton, Manchester (Blu)",,="381684394008","E",53.44252,-2.27721,112,""
="MAC030004072",="MAC4072MR","Wilbraham Rd (A6010) / Edge Ln (15), Chorlton, Manchester (Blu)",,="380951393997","W",53.4424,-2.28824,267,""
="MAC030004079",="MAC4079MR","Merrill St (A662) / Every St (1424), Ancoats, Manchester (Blu)",,="385930398453","E",53.48261,-2.21348,86,""
="MAC030004093",="MAC4093MR","Bury New Rd (A56) / Waterloo Rd (1012), Stangeways, Manchester (Blu)",,="383427399841","N",53.49501,-2.25128,345,""
="MAC030004105",="MAC4105MR","Kingsway (A34) / Parrs Wood Ln (56), Didsbury, Manchester (Blu)",,="385521390467","N",53.41081,-2.21928,0,""
="MAC030004106",="MAC4106MR","Kingsway (A34) / 120m S of Moseley Rd (64), Levenshulme, Manchester (Blu)",,="386537393846","N",53.44121,-2.20415,15,""
="MAC030004107",="MAC4107MR","Birchfields Rd (A34) / Fallowfield Shopping Centre (3/176), Levenshulme, Manchester (Blu)",,="386438394077","N",53.44329,-2.20564,0,""
="MAC030004108",="MAC4108MR","Upper Brook St (A34) / Plymouth Gr (134), Brunswick, Manchester (Blu)",,="385034396526","W",53.46526,-2.22689,274,""
="MAC030004109",="MAC4109MR","Upper Brook Street (A34) / Grosvenor St (18), Manchester (Blu)",,="384547397180","NW",53.47112,-2.23426,330,""
="MAC030004143",="MAC4143MR","Middleton Rd (A576) / Victoria Ave (1155), Blackley, Manchester (Blu)",,="383891404073","N",53.53306,-2.2445,15,""
="MAC030004144",="MAC4144MR","Rochdale Rd (A664) / Victoria Ave (766), Higher Blackley, Manchester (Blu)",,="386296403991","NE",53.53239,-2.20821,30,""
="MAC030004145",="MAC4145MR","Hollinwood Ave (A6104) / Lightbowne Rd (558), Moston, Manchester (Blu)",,="388451403183","NW",53.52518,-2.17567,300,""
="MAC030004146",="MAC4146MR","Oldham Rd (A62) / Thorp Rd (83), Newton Heath, Manchester (Blu)",,="387292400555","E",53.50154,-2.19305,75,""
="MAC030004147",="MAC4147MR","(X) Cheetham Hill Rd (A665) / Waterloo Rd (27), Cheetham Hill, Manchester (Blu)",,="384049401320","NW",53.50832,-2.24199,315,""
="MAC030004148",="MAC4148MR","Waterloo Rd (B6180) / Elizabeth St (137), Cheetham Hill, Manchester (Blu)",,="383826400561","NE",53.50149,-2.2453,30,""
="MAC030004149",="MAC4149MR","Cambridge St / Cavendish St (1090), Manchester (Blu)",,="384119396950","NW",53.46904,-2.2407,330,""
="MAC030004150",="MAC4150MR","Upper Chorlton Rd (B5218) / Withington Rd (3/154), Moss Side, Manchester (Blu)",,="382952395816","N",53.45882,-2.25822,0,""
="MAC030004152",="MAC4152MR","Barlow Moor Rd (A5145) / High Ln (13), Chorlton, Manchester (Blu)",,="381838393604","N",53.43889,-2.27486,0,""
="MAC030004153",="MAC4153MR","Wythenshawe Rd (B5167) / Sale Rd (3/152), Northenden, Manchester (Blu)",,="382163390048","W",53.40694,-2.26977,285,""
="MAC030004154",="MAC4154MR","Altrincham Rd (A560) / Butcher Ln (179), Baguley, Manchester (Blu)",,="379960389371","W",53.40078,-2.30286,270,""
="MAC030004155",="MAC4155MR","Altrincham Rd (A560) / Longley Ln (3/003), Gatley, Manchester (Blu)",,="383825388627","NE",53.39422,-2.24471,60,""
="MAC030004174",="MAC4174MR","Bury New Rd (A665) / Heath St (1106), Cheetham Hill, Manchester (Blu)",,="383934401513","NW",53.51005,-2.24372,330,""
="MAC030004175",="MAC4175MR","Bury Old Rd (A665) / Crescent Rd (1154), Cheetham Hill, Manchester (Blu)",,="383838401738","NW",53.51207,-2.24518,335,""
="MAC030004176",="MAC4176MR","(X) Middleton Rd (A576) / Crumpsall Ln (1001), Crumpsall, Manchester (Blu)",,="383609402438","N",53.51835,-2.24868,0,""
="MAC030004177",="MAC4177MR","Rochdale Rd (A664) / Charlestown Rd (1005), Blackley, Manchester (Blu)",,="385862402763","N",53.52135,-2.2147,345,""
="MAC030004184",="MAC4184MR","Lightbowne Rd (B6393) / Kenyon Ln (3/009), Moston, Manchester (Blu)",,="387425401478","NE",53.50983,-2.19109,30,""
="MAC030004186",="MAC4186MR","(X) Lightbowne Rd (B6393) / Nuthurst Rd (3/021), Moston, Manchester (Blu)",,="388169402464","NE",53.51871,-2.17991,30,""
="MAC030004188",="MAC4188MR","Broadway (A663) / Nuthurst Rd (3/167), Moston, Manchester (Blu)",,="388892402250","N",53.51681,-2.16898,15,""
="MAC030004189",="MAC4189MR","Hulme Hall Ln (A6010) / Briscoe Ln (20), Bradford, Manchester (Blu)",,="386744399249","NW",53.48978,-2.20125,315,""
="MAC030004190",="MAC4190MR","Lloyd St N / Moss Lane E (66), Moss Side, Manchester (Blu)",,="384445395727","N",53.45806,-2.23573,0,""
="MAC030004191",="MAC4191MR","Wilbraham Rd (A6010) / Lloyd St S (1065), Fallowfield, Manchester (Blu)",,="384206394091","N",53.44335,-2.23924,0,""
="MAC030004194",="MAC4194MR","Palatine Rd (B5167) / Lapwing Ln (3/175), Withington, Manchester (Blu)",,="384377392085","NE",53.42532,-2.23657,45,""
="MAC030004195",="MAC4195MR","Wilmslow Rd (A5145) / Parrs Wood Rd (143), Didsbury, Manchester (Blu)",,="385286390425","W",53.41043,-2.22281,270,""
="MAC030004196",="MAC4196MR","Wilbraham Rd (B5093) / Chancellors Way (3/105), Fallowfield, Manchester (Blu)",,="385988393933","E",53.44198,-2.21241,92,""
="MAC030004209",="MAC4209MR","Altrincham Rd (A560) / Hall Ln (3/002), Baguley, Manchester (Blu)",,="381664389356","E",53.4007,-2.27725,90,""
="MAC030004210",="MAC4210MR","Altrincham Rd (A560) / 70m E of Netherwood Rd (3/018), Wythenshawe, Manchester (Blu)",,="382380389153","W",53.3989,-2.26647,285,""
="MAC030004211",="MAC4211MR","Altrincham Rd (A560) / Brownley Rd (181), Wythenshawe, Manchester (Blu)",,="383002388682","N",53.39469,-2.25708,0,""
="MAC030004217",="MAC4217MR","M56 J4 S/B Off Slip / Simonsway (3/111), Wythenshawe, Manchester (Blu)",,="381641387213","N",53.38144,-2.27746,0,""
="MAC030004218",="MAC4218MR","Princess Rd (A5103) / 30m N of Merseybank Ave (1243), Barlow Moor, Manchester (Blu)",,="382834391537","NE",53.42035,-2.25976,30,""
="MAC030004219",="MAC4219MR","Princess Rd (A5103) / Nell Ln (1240), Chorlton, Manchester (Blu)",,="383323392458","SE",53.42864,-2.25245,135,""
="MAC030004220",="MAC4220MR","Princess Rd (A5103) / Moss Lane E (109), Moss Side, Manchester (Blu)",,="383831395852","N",53.45917,-2.24498,0,""
="MAC030004226",="MAC4226MR","Oldham Rd (A62) / Hulme Hall Ln (76), Miles Platting, Manchester (Blu)",,="386134399925","N",53.49584,-2.21048,0,""
="MAC030004233",="MAC4233MR","Chorlton Rd (A5067) / Stretford Rd (3/168), Hulme, Manchester (Blu)",,="382980396573","N",53.46562,-2.25784,0,""
="MAC030004235",="MAC4235MR","(P) Cholton Rd (A5067) / Mancunian Way Roundabout (South), Manchester (Blu)",,="382982397203","N",53.47128,-2.25784,15,""
="MAC030004236",="MAC4236MR","(P) Princess Rd (A5103) / 20m S of Mancunian Way (S/B), Manchester (Blu)",,="383752397021","S",53.46967,-2.24624,165,""
="MAC030004237",="MAC4237MR","(P) Princess Rd (A5103) / 20m S of Mancunian Way (N/B), Manchester (Blu)",,="383709397019","N",53.46965,-2.24689,0,""
="MAC030004252",="MAC4252MR","M60 J20 / Rochdale Rd (765), Higher Blackley, Manchester (Blu)",,="386365404123","SW",53.53358,-2.20718,210,""
="MAC030004253",="MAC4253MR","Rochdale Rd (A664) / Factory Ln (120), Blackley, Manchester (Blu)",,="385952401928","S",53.51384,-2.21331,195,""
="MAC030004254",="MAC4254MR","Rochdale Rd (A664) / Topley St (124), Collyhurst, Manchester (Blu)",,="385589400650","S",53.50234,-2.21872,195,""
="MAC030004255",="MAC4255MR","Shudehill (A664) / Swan St (123), Manchester (Blu)",,="384442398865","SW",53.48626,-2.23593,225,""
="MAC030004268",="MAC4268MR","Middleton Rd (A576) / Sheepfoot Ln (1000), Blackley, Manchester (Blu)",,="383754403631","N",53.52909,-2.24654,15,""
="MAC030004285",="MAC4285MR","Oxford Rd (B5117) / Grosvenor St (88), Manchester (Blu)",,="384358397072","NW",53.47015,-2.2371,330,""
="MAC030004286",="MAC4286MR","Oxford Rd (B5117) / Grafton St (89), Manchester (Blu)",,="384809396269","NW",53.46294,-2.23027,330,""
="MAC030004287",="MAC4287MR","Wilmslow Rd (B5117) / Moss Ln E (156), Rusholme, Manchester (Blu)",,="385034395699","N",53.45783,-2.22685,345,""
="MAC030004288",="MAC4288MR","Wilmslow Rd (B5167) / Palatine Rd (3/193), Withington, Manchester (Blu)",,="384880392954","SW",53.43314,-2.22905,210,""
="MAC030004289",="MAC4289MR","Palatine Rd (B5167) / Barlow Moor Rd (3/103), Didsbury, Manchester (Blu)",,="384001391606","SE",53.42101,-2.2422,120,""
="MAC030004290",="MAC4290MR","Palatine Rd (B5167) / Kenworthy Ln (3/024), Northenden, Manchester (Blu)",,="382870390080","SW",53.40725,-2.25915,225,""
="MAC030004291",="MAC4291MR","Sharston Rd (B5168) / 20m S of Leestone Rd (3/059), Wythenshawe, Manchester (Blu)",,="383003388955","N",53.39715,-2.25708,0,""
="MAC030004326",="MAC4326MR","Wilmslow Rd (B5093) / School Ln (140), Didsbury, Manchester (Blu)",,="384699391230","W",53.41765,-2.23168,285,""
="MAC030004327",="MAC4327MR","Barlow Moor Rd (A5145) / Princess Rd (113), Didsbury, Manchester (Blu)",,="383112392074","NW",53.42518,-2.2556,300,""
="MAC030004355",="MAC4355MR","Deansgate (A56) / John Dalton St (35), Manchester (Blu)",,="383639398262","W",53.48082,-2.248,285,""
="MAC030004356",="MAC4356MR","Deansgate (A56) / Peter St (37), Manchester (Blu)",,="383532397978","N",53.47827,-2.24959,15,""
="MAC030004357",="MAC4357MR","Deansgate (A56) / Whitworth St W (194), Manchester (Blu)",,="383382397558","NE",53.47449,-2.25183,30,""
="MAC030004358",="MAC4358MR","Chester Rd (A56) / Mancunian Way Roundabout (East) (1128), Manchester (Blu)",,="383047397324","SW",53.47237,-2.25687,236,""
="MAC030004359",="MAC4359MR","Oxford St (A34) / Whitworth St (93), Manchester (Blu)",,="384085397577","NW",53.47468,-2.24124,330,""
="MAC030004360",="MAC4360MR","Princess St (A34) / Whitworth St (119), Manchester (Blu)",,="384301397681","N",53.47562,-2.23799,345,""
="MAC030004361",="MAC4361MR","London Rd (A6) / Fairfield St (67), Manchester (Blu)",,="384742397772","N",53.47645,-2.23135,345,""
="MAC030004362",="MAC4362MR","Oxford St (A34) / Portland St (91), Manchester (Blu)",,="383997397744","NW",53.47618,-2.24258,330,""
="MAC030004363",="MAC4363MR","Deansgate (A56) / Victoria Bridge St (40), Manchester (Blu)",,="383810398682","NE",53.4846,-2.24544,30,""
="MAC030004366",="MAC4366MR","Styal Rd (B5166) / Ringway Rd (3/052), Heald Green, Manchester (Blu)",,="383980385295","N",53.36427,-2.2422,15,""
="MAC030004369",="MAC4369MR","Styal Rd (B5166) / Simonsway (3/013), Heald Green, Manchester (Blu)",,="384120386068","NW",53.37123,-2.24013,300,""
="MAC030004404",="MAC4404MR","(P) Mancunian Way (A57(M)) / 120m W of Garwood St, Manchester (Blu)",,="383368397148","W",53.4708,-2.25203,270,""
="MAC030004414",="MAC4414MR","(X) Middleton Rd (A576) / 15m NE of Old Hall Ln, Blackley, Manchester (Blu)",,="384222404688","NE",53.5386,-2.23955,45,""
="MAC030004473",="MAC4473MR","(P) Mancunian Way (A57) / Bond St, Ardwick, Manchester (Blu)",,="385131397454","W",53.4736,-2.22548,285,""
="MAC030004474",="MAC4474MR","(P) Princess Parkway (A5103) / M60 J5 On Slip, Northenden, Manchester (Blu)",,="382383390538","N",53.41135,-2.26649,15,""
="MAC030004555",="MAC4555MR","Brook St (A34) / Cloak St (172), Manchester (Blu)",,="384434397359","NW",53.47273,-2.23597,330,""
="MAC030004556",="MAC4556MR","Princess Parkway S/B Off Slip (A5103) / Palatine Rd (3/063), Northenden, Manchester (Blu)",,="382347390037","N",53.40685,-2.267,345,""
="MAC030004560",="MAC4560MR","Kingsway (A34) / 15m S of Fairmile Dr (160), Didsbury, Manchester (Blu)",,="385238389703","N",53.40394,-2.2235,21,""
="MAC030004599",="MAC4599MR","(P) Styal Rd (B5166) / 10m N of Styal Village Sign, Moss Nook, Manchester",30.0,="383855384862","N",53.36038,-2.24405,0,""
="MAC030004601",="MAC4601MR","Rochdale Rd/Addington St/Angel St/Shudehill",30.0,="384502398931","NE",53.48686,-2.23503,50,""
="MAC030004603",="MAC4603MR","A555 Ringway Rd W / Outwood Lane (1453), Manchester Airport,  Manchester (Blu)",,="382002385651","E",53.36741,-2.27195,88,""
="MAC030004607",="MAC4607MR","A555 / Styal Rd (1450), Moss Nook, Manchester (Blu)",,="383906385068","SE",53.36223,-2.24331,120,""
="MAC030004609",="MAC4609MR","Mancunian Way (A5103) / Medlock St (1457), Manchester (Blu)",30.0,="383702397188","N",53.47117,-2.247,345,""
="MAC040004121",="MAC4121OL","Ashton Rd (A627) / 15m N of Crossbank Way (732), Oldham (Blu)",,="392430404390","S",53.5361,-2.11568,180,""
="MAC040004122",="MAC4122OL","Ashton Rd (A627) / Hathershaw Ln (716), Oldham (Blu)",,="392754403042","S",53.52399,-2.11076,161,""
="MAC040004123",="MAC4123OL","Ashton Rd (A627) / 30m N of Keb Ln (4/001), Bardsley, Oldham (Blu)",,="392956401918","S",53.51389,-2.10769,165,""
="MAC040004221",="MAC4221OL","Manchester St (A62) / Oldham Way (1517), Oldham (Blu)",,="391980404778","N",53.53959,-2.12248,0,""
="MAC040004222",="MAC4222OL","Manchester Rd (A62) / Frederick St (702), Oldham (Blu)",,="391399404247","SE",53.5348,-2.13123,150,""
="MAC040004223",="MAC4223OL","Manchester Rd (A62) / M60 J22 (759), Hollinwood, Oldham (Blu)",,="390592402635","N",53.5203,-2.14336,0,""
="MAC040004224",="MAC4224OL","Oldham Rd (A62) / M60 J22 (701), Hollinwood, Oldham (Blu)",,="390533402551","N",53.51955,-2.14425,0,""
="MAC040004225",="MAC4225OL","Oldham Rd (A62) / Broadway (4/030), Failsworth, Oldham (Blu)",,="388804401035","N",53.50588,-2.17027,0,""
="MAC040004315",="MAC4315OL","Broadway (A663) / Middleton Rd (548), Chadderton, Oldham (Blu)",,="390419405507","N",53.54611,-2.14606,15,""
="MAC040004316",="MAC4316OL","Broadway (A663) / Foxdenton Ln (479), Chadderton, Oldham (Blu)",,="389980404187","N",53.53424,-2.15264,15,""
="MAC040004317",="MAC4317OL","Broadway (A663) / Long Ln (686), White Gate, Oldham (Blu)",,="389582403493","NE",53.52799,-2.15862,45,""
="MAC040004318",="MAC4318OL","M60 J21 NB On-Slip / Broadway (688), White Gate, Oldham (Blu)",,="389455403357","NE",53.52677,-2.16053,45,""
="MAC040004319",="MAC4319OL","Broadway (A663) / Hollinwood Ave (480), Moston, Oldham (Blu)",,="389145402865","N",53.52234,-2.16519,22,""
="MAC040004320",="MAC4320OL","Rochdale Rd (A671) / Chadderton Way (703), Oldham (Blu)",,="392154405441","N",53.54555,-2.11987,0,""
="MAC040004321",="MAC4321OL","Broadway (A663) / Chadderton Way (711), Oldham (Blu)",,="390934406680","NE",53.55666,-2.13833,45,""
="MAC040004340",="MAC4340OL","Oldham Rd (A671) / Shaw Rd (775), Royton, Oldham (Blu)",,="392143407169","S",53.56108,-2.12008,180,""
="MAC040004349",="MAC4349OL","Rochdale Rd (A671) / Featherstall Rd N (4/034), Oldham (Blu)",,="392121406070","S",53.5512,-2.12038,180,""
="MAC040004350",="MAC4350OL","(NOT IN USE) Rochdale Rd (A671) / Middleton Rd (725), Oldham (Blu)",,="392221405032","S",53.54187,-2.11886,180,""
="MAC040004382",="MAC4382OL","Manchester Rd (A62) / Drury Ln (727), Hollins, Oldham (Blu)",,="390821403036","NE",53.52391,-2.13992,45,""
="MAC040004383",="MAC4383OL","Greengate (B6393) / Grimshaw Ln (4/020), Chadderton, Oldham (Blu)",,="388624404986","NW",53.54139,-2.17314,300,""
="MAC040004384",="MAC4384OL","Middleton Rd (A669) / Haigh Ln (4/016), Chadderton, Oldham (Blu)",,="388933406109","W",53.55149,-2.16852,268,""
="MAC040004385",="MAC4385OL","Featherstall Rd N (A6048) / Middleton Rd (4/024), Oldham (Blu)",,="391556405138","N",53.54281,-2.12889,0,""
="MAC040004386",="MAC4386OL","Oldham Way (A62) / Lees Rd (747), Oldham (Blu)",,="393391405132","N",53.54279,-2.10119,0,""
="MAC040004387",="MAC4387OL","Huddersfield Rd (A62) / Ripponden Rd (712), Oldham (Blu)",,="394193405652","NE",53.54747,-2.0891,60,""
="MAC040004422",="MAC4422OL","Oldham Rd (A671) / Middleton Rd (777), Royton, Oldham (Blu)",,="392035407641","NW",53.56532,-2.12172,330,""
="MAC040004424",="MAC4424OL","Crompton Way (A663) / Rochdale Rd (1506), Shaw, Oldham (Blu)",,="393799409090","NE",53.57837,-2.09512,30,""
="MAC040004425",="MAC4425OL","Oldham Rd (B6194) / 15m N of Longley St (4/069), Shaw, Oldham (Blu)",,="393611408511","S",53.57316,-2.09795,173,""
="MAC040004426",="MAC4426OL","Manchester Rd (A663) / 15m SW of Princess Rd (4/075), Shaw, Oldham (Blu)",,="393534408533","NE",53.57336,-2.09911,45,""
="MAC040004427",="MAC4427OL","Bottom O' Th Moor (A62) / Cross St (704), Oldham (Blu)",,="393632405278","NE",53.5441,-2.09756,45,""
="MAC040004428",="MAC4428OL","Lees Rd (A669) / Glodwick Rd (707), Oldham (Blu)",,="393659405131","E",53.54278,-2.09715,90,""
="MAC040004430",="MAC4430OL","Oldham Rd (A62) / Ashton Rd W (4/103), Failsworth, Oldham (Blu)",,="389245401293","NE",53.50821,-2.16364,60,""
="MAC040004433",="MAC4433OL","Oldham Rd (A62) / Mersey Rd N (628), Hollinwood, Oldham (Blu)",,="390343402303","NE",53.51731,-2.1471,45,""
="MAC040004436",="MAC4436OL","Manchester Rd (A62) / Chapel Rd (722), Hollins, Oldham (Blu)",,="390989403253","NE",53.52586,-2.13739,30,""
="MAC040004437",="MAC4437OL","Shaw Rd (A663) / High Barn Rd (4/004), Royton, Oldham (Blu)",,="392849407871","NE",53.5674,-2.10944,45,""
="MAC040004561",="MAC4561OL","Broadway (A663) / Retail Park Entrance (749), Royton, Oldham (Blu)",,="391071406683","W",53.5567,-2.13625,271,""
="MAC050004244",="MAC4244RD","Milnrow Rd (A640) / Drake St (1613), Rochdale (Blu)",,="389930413090","S",53.61426,-2.15368,195,""
="MAC050004245",="MAC4245RD","Manchester Rd (A58) / Drake St (1301), Rochdale (Blu)",,="389258412782","S",53.61148,-2.16383,195,""
="MAC050004246",="MAC4246RD","Manchester Rd (A58) / Roch Valley Way (1602), Castleton, Rochdale (Blu)",,="388630411904","SW",53.60358,-2.17329,225,""
="MAC050004247",="MAC4247RD","Manchester Rd (A664) / Queensway (5/008), Castleton, Rochdale (Blu)",,="388391410424","S",53.59027,-2.17685,180,""
="MAC050004248",="MAC4248RD","Rochdale Rd (A664) / Hollin Ln (5/020), Middleton, Rochdale (Blu)",,="387170406813","SW",53.55778,-2.19514,225,""
="MAC050004249",="MAC4249RD","Assheton Way (A664) / 5m S of Old Hall St (5/134), Middleton, Rochdale (Blu)",,="387078405953","SE",53.55005,-2.1965,150,""
="MAC050004250",="MAC4250RD","Oldham Rd (A669) / Supermarket Exit (5/056), Middleton, Rochdale (Blu)",,="387086405704","SW",53.54781,-2.19636,240,""
="MAC050004269",="MAC4269RD","Yorkshire St (A58) / John St (1609), Rochdale (Blu)",,="389884413776","E",53.62043,-2.1544,75,""
="MAC050004281",="MAC4281RD","York St (A58) / Market Pl (5/153), Heywood, Rochdale (Blu)",,="385568410771","NW",53.59332,-2.21951,313,""
="MAC050004282",="MAC4282RD","Rochdale Rd E (A58) / Green Ln (5/073), Heywood, Rochdale (Blu)",,="386282410816","NE",53.59374,-2.20873,60,""
="MAC050004283",="MAC4283RD","Manchester Rd (A58) / Silk St (1601), Castleton, Rochdale (Blu)",,="388424411736","NE",53.60206,-2.1764,30,""
="MAC050004284",="MAC4284RD","Manchester Rd (A58) / Dane St (1302), Rochdale (Blu)",,="389316413133","N",53.61464,-2.16297,0,""
="MAC050004335",="MAC4335RD","Church St (A58) / Todmorden Rd (5/017), Littleborough, Rochdale (Blu)",,="393910416384","W",53.64393,-2.0936,285,""
="MAC050004336",="MAC4336RD","Oldham Rd (A671) / Wood St (1317), Rochdale (Blu)",,="390067412948","SE",53.61299,-2.15161,152,""
="MAC050004337",="MAC4337RD","Oldham Rd (A671) / 70m S of Prince St, Rochdale (Blu)",,="390376412075","S",53.60514,-2.14691,165,""
="MAC050004338",="MAC4338RD","Oldham Rd (A671) / 20m N of Queen Victoria St (5/013), Kirkholt, Rochdale (Blu)",,="390450411667","S",53.60148,-2.14579,180,""
="MAC050004339",="MAC4339RD","Oldham Rd (A671) / 60m N of Shaw Rd (5/089), Kirkholt, Rochdale (Blu)",,="390801410399","SE",53.59009,-2.14044,150,""
="MAC050004393",="MAC4393RD","Kingsway (A664) / Albert Royds St (5/002), Newbold, Rochdale (Blu)",,="391539413305","NE",53.61622,-2.12937,30,""
="MAC050004394",="MAC4394RD","Kingsway (A664) / Sir Isaac Newton Way (5/029), Rochdale (Blu)",,="391092412288","NE",53.60708,-2.13609,45,""
="MAC050004415",="MAC4415RD","(P) Manchester New Rd (A664) / 70m N of Mill Fold Rd, Middleton, Rochdale (Blu)",,="386881405574","N",53.54663,-2.19946,0,""
="MAC050004486",="MAC4486RD","(P) M62 J21 E/B On Slip / Sir Isaac Newton Way, Milnrow, Rochdale (Blu)",,="392859411924","NE",53.60383,-2.10939,60,""
="MAC050004496",="MAC4496RD","St Mary's Gate (A58) / Spotland Rd (1306), Rochdale (Blu)",,="389504413590","NE",53.61875,-2.16014,45,""
="MAC050004501",="MAC4501RD","Moss Hall Rd / Pilsworth Rd (5/122), Heywood, Rochdale (Blu)",,="383295409403","NW",53.58095,-2.25378,330,""
="MAC050004502",="MAC4502RD","Bridge St (A58) / Pilsworth Rd (5/053), Heywood, Rochdale (Blu)",,="384963410766","E",53.59325,-2.22865,75,""
="MAC050004567",="MAC4567RD","A627(M) J4 / Edinburgh Way (5/127), Castleton, Rochdale (Blu)",,="389123411509","NE",53.60004,-2.16583,56,""
="MAC050004568",="MAC4568RD","Manchester Old Rd (A576) / Heywood Old Rd (5/021), Middleton, Rochdale (Blu)",,="384574405057","N",53.54193,-2.23424,0,""
="MAC060001050",="MAC1050SD","Regent Rd (A57) / Regent Rd Roundabout, Salford (Blu)",40.0,="381419398084","NW",53.47914,-2.28145,330,"noexport=1"
="MAC060001053",="MAC1053SD","East Lancashire Rd (A580) / Walkden Rd (6/020), Worsley, Salford (Blu)",50.0,="374097401756","NE",53.51184,-2.39207,60,"noexport=1"
="MAC060001127",="MAC1127SD","Barton Rd (B5211) / 60m NW of Farm Ln (6/044), Worsley, Salford (Blu)",,="374846400311","SE",53.49889,-2.38066,135,""
="MAC060001128",="MAC1128SD","Manchester Rd (A6) / Walkden Rd (1704), Walkden, Salford (Blu)",,="373910402958","W",53.52264,-2.39499,285,""
="MAC060001129",="MAC1129SD","Walkden Rd (A575) / 30m S of Park Rd (6/034), Walkden, Salford (Blu)",,="373794402562","N",53.51907,-2.39671,0,""
="MAC060001130",="MAC1130SD","Manchester Rd (A6) / 15m E of Ash Drive (6/040), Wardley, Salford (Blu)",,="376351402425","W",53.51796,-2.35813,285,""
="MAC060001131",="MAC1131SD","Langworthy Rd (A5186) / Seedley Rd (828), Seedley, Salford (Blu)",,="380522399276","N",53.48983,-2.29503,0,""
="MAC060001134",="MAC1134SD","Oldfield Rd (A5066) / Middlewood St (804), Salford (Blu)",,="382380398126","N",53.47956,-2.26696,0,""
="MAC060001135",="MAC1135SD","Oldfield Rd (A5066) / Regent Rd (802), Salford (Blu)",,="382236397797","N",53.4766,-2.26911,0,""
="MAC060001136",="MAC1136SD","Blackfriars Rd (A6041) / Silk St (817), Salford (Blu)",,="382915399245","NW",53.48964,-2.25896,315,""
="MAC060001138",="MAC1138SD","Broad St (A6) / A576 Roundabout (West), Pendleton, Salford (Blu)",,="381112399431","N",53.49124,-2.28616,0,""
="MAC060001139",="MAC1139SD","(P) Hankinson Way / 60m S of Rossall Way, Pendleton, Salford (Blu)",,="381110399181","NE",53.48899,-2.28617,30,""
="MAC060001140",="MAC1140SD","(X) (P) Hankinson Way / 30m N of Churchill Way, Pendleton, Salford (Blu)",,="381040399053","NE",53.48784,-2.28722,30,""
="MAC060001141",="MAC1141SD","(P) Broad St (A6), Salford (Blu)",,="379896400299","SE",53.499,-2.30454,135,""
="MAC060001142",="MAC1142SD","(P) Bolton Rd (A666) / Manchester Rd, Salford (Blu)",,="379504400766","N",53.50318,-2.31047,0,""
="MAC060004002",="MAC4002SD","Trinity Way (A6042) / Hampson St (795), Ordsall, Salford (Blu)",,="382802397993","NE",53.47838,-2.26059,45,""
="MAC060004003",="MAC4003SD","Trinity Way (A6042) / Chapel St (830), Salford (Blu)",,="383014398542","N",53.48332,-2.25743,15,""
="MAC060004004",="MAC4004SD","Trinity Way (A6042) / Blackfriars Rd (448), Salford (Blu)",,="383271398927","NE",53.48678,-2.25359,45,""
="MAC060004074",="MAC4074SD","Trafford Rd (A5063) / Broadway (459), Ordsall, Salford (Blu)",,="381289397819","E",53.47676,-2.28338,93,""
="MAC060004075",="MAC4075SD","Albion Way (A5063) / Liverpool St (805), Salford (Blu)",,="381605398336","NE",53.48142,-2.27865,30,""
="MAC060004076",="MAC4076SD","(P) Broad St (A6) / Albion Way (866), Salford (Blu)",,="381778398790","NW",53.4855,-2.27607,315,""
="MAC060004077",="MAC4077SD","Broughton Rd (A576) / 20m NE of Ford Ln (6/127), Pendleton, Salford (Blu)",,="381267399604","NE",53.4928,-2.28382,45,""
="MAC060004078",="MAC4078SD","Bury New Rd (A56) / Great Cheetham St E (823), Higher Broughton, Salford (Blu)",,="382985400624","SE",53.50203,-2.25798,144,""
="MAC060004091",="MAC4091SD","Bury New Rd (A56) / Moor Ln (839), Kersal, Salford (Blu)",,="382255402070","NW",53.51501,-2.26907,333,""
="MAC060004092",="MAC4092SD","Bury New Rd (A56) / Northhumberland St (825), Higher Broughton, Salford (Blu)",,="382752401250","N",53.50765,-2.26153,0,""
="MAC060004098",="MAC4098SD","East Lancashire Rd (A580) / Worsley Rd, Swinton, Salford (Blu)",,="377289400961","NW",53.50484,-2.34389,300,""
="MAC060004099",="MAC4099SD","(P) East Lancashire Rd (A580) / Lancaster Rd (512), Pendlebury, Salford (Blu)",,="378717400685","E",53.50242,-2.32234,90,""
="MAC060004100",="MAC4100SD","Cresent (A6) / Oldfield Rd (812), Salford (Blu)",,="382544398534","N",53.48323,-2.26451,0,""
="MAC060004110",="MAC4110SD","Liverpool Rd (A57) / 10m SW of Sealand Drive (1170), Barton, Salford (Blu)",,="375142397562","NE",53.47419,-2.37599,41,""
="MAC060004111",="MAC4111SD","Liverpool Rd (A57) / 10m E of Thorp St (892), Barton, Salford (Blu)",,="375564397863","E",53.47692,-2.36964,90,""
="MAC060004112",="MAC4112SD","Liverpool Rd (A57) / Worsley Rd (461), Barton, Salford (Blu)",,="376218398285","E",53.48075,-2.35982,75,""
="MAC060004113",="MAC4113SD","Church St (A57) / Peel St (463), Eccles, Salford (Blu)",,="377496398578","E",53.48344,-2.34058,90,""
="MAC060004114",="MAC4114SD","Gilda Brook Way (A576) / Bentcliffe Way (514), Eccles, Salford (Blu)",,="378146398414","E",53.48199,-2.33078,90,""
="MAC060004115",="MAC4115SD","M602 J2 / Gilda Brook Rd (S) (532), Eccles, Salford (Blu)",,="378167398811","N",53.48556,-2.33049,0,""
="MAC060004116",="MAC4116SD","M602 J2 / Gilda Brook Rd (N) (531), Eccles, Salford (Blu)",,="378149398947","NE",53.48678,-2.33077,48,""
="MAC060004117",="MAC4117SD","Bolton Rd (A666) / Agecroft Rd (6/018), Pendlebury, Salford (Blu)",,="379321401314","NE",53.5081,-2.31326,60,""
="MAC060004118",="MAC4118SD","Bolton Rd (A666) / Station Rd (6/090), Swinton, Salford (Blu)",,="378001402536","NW",53.51903,-2.33325,330,""
="MAC060004119",="MAC4119SD","Manchester Rd (A666) / M60 J16 E/B On-Slip (6/058), Clifton, Salford (Blu)",,="377713403387","NW",53.52667,-2.33766,315,""
="MAC060004134",="MAC4134SD","Manchester Rd (A6) / Armitage Ave (6/019), Little Hulton, Salford (Blu)",,="372003403908","NW",53.53108,-2.42384,300,""
="MAC060004204",="MAC4204SD","Eccles Old Rd (A576) / Langworthy Rd (814), Seedley, Salford (Blu)",,="380516399515","E",53.49198,-2.29513,90,""
="MAC060004205",="MAC4205SD","Eccles Old Rd (A576) / Stott Ln (832), Eccles, Salford (Blu)",,="378771399212","E",53.48919,-2.32141,90,""
="MAC060004206",="MAC4206SD","Liverpool Rd (B5320) / Fairhills Rd (6/026), Irlam, Salford (Blu)",,="371849393800","N",53.44022,-2.42525,0,""
="MAC060004208",="MAC4208SD","Bury Old Rd (A665) / Leicester Rd (17), Cheetham Hill, Salford (Blu)",,="383559402139","NW",53.51567,-2.24941,315,""
="MAC060004240",="MAC4240SD","(X) Cadishead Way (A57) / Boysnope Wharf, Irlam, Salford (Blu)",,="373549395953","N",53.45965,-2.39985,15,""
="MAC060004332",="MAC4332SD","Gilda Brook Rd (A576) / Half Edge Ln (835), Eccles, Salford (Blu)",,="378279399165","NW",53.48874,-2.32883,315,""
="MAC060004333",="MAC4333SD","Chorley Rd (A6) / Station Rd (443), Swinton, Salford (Blu)",,="377523401780","NE",53.51222,-2.34041,45,""
="MAC060004346",="MAC4346SD","Bolton Rd (A575) / Manchester Rd (1703), Walkden, Salford (Blu)",,="373663403080","N",53.52372,-2.39872,0,""
="MAC060004348",="MAC4348SD","Liverpool Rd (A57) / Green Ln (517), Patricroft, Salford (Blu)",,="376485398455","W",53.48229,-2.35581,255,""
="MAC060004351",="MAC4351SD","Barton Rd (B5211) / Radclyffe Rd (601), Barton, Salford (Blu)",,="376573397698","NW",53.47549,-2.35443,330,""
="MAC060004352",="MAC4352SD","Broad St (A6) / Frederick Rd (813), Salford (Blu)",,="381499399111","NW",53.48838,-2.28029,330,""
="MAC060004353",="MAC4353SD","Manchester Rd (A6) / 10m W of Cheetham Rd (870), Swinton, Salford (Blu)",,="378154401297","W",53.5079,-2.33086,270,""
="MAC060004354",="MAC4354SD","Chorley Rd (A6) / 20m SE of Pendlebury Rd (868), Swinton, Salford (Blu)",,="377859401515","NW",53.50985,-2.33532,300,""
="MAC060004364",="MAC4364SD","East Ordsall Ln (B5461) / Middlewood St (785), Salford (Blu)",,="382691398045","N",53.47884,-2.26227,0,""
="MAC060004365",="MAC4365SD  ","Ordsall Ln (B5461) / Regent Rd (801), Salford (Blu)",,="382504397727","NE",53.47597,-2.26508,30,""
="MAC060004378",="MAC4378SD","(P) Langworthy Rd (A5186) / Bolton Rd, Salford (Blu)",,="380496399735","NE",53.49395,-2.29545,30,""
="MAC060004503",="MAC4503SD","Leicester Rd (A576) / Gt Cheetham St E (826), Broughton, Salford (Blu)",,="383297400777","NE",53.50342,-2.25329,60,""
="MAC060004504",="MAC4504SD","Trafford Rd (A5063) / Ordsall Ln (452), Ordsall, Salford (Blu)",,="381283396878","N",53.4683,-2.28343,15,""
="MAC060004505",="MAC4505SD","Langworthy Rd (A5186) / Liverpool Rd (807), Langworthy, Salford (Blu)",,="380541398606","N",53.48381,-2.2947,0,""
="MAC060004507",="MAC4507SD","Eccles New Rd (A57) / Langworthy Rd (803), Weaste, Salford (Blu)",,="380518398250","N",53.48061,-2.29502,15,""
="MAC060004508",="MAC4508SD","Eccles New Rd (A57) / Weaste Rd (790), Weaste, Salford (Blu)",,="379586398462","N",53.48248,-2.30908,15,""
="MAC060004509",="MAC4509SD","Broadway (A5063) / S Langworthy Rd (787), Ordsall, Salford (Blu)",,="380496397678","NE",53.47547,-2.29532,45,""
="MAC060004510",="MAC4510SD","Eccles New Rd (A57) / Stott Ln (791), Weaste, Salford (Blu)",,="378797398626","N",53.48392,-2.32098,0,""
="MAC060004512",="MAC4512SD","Broadway / Daniel Adamson Rd (6/094), Weaste, Salford (Blu)",,="379542397881","N",53.47725,-2.30971,15,""
="MAC060004513",="MAC4513SD","Gt Clowes St (A5066) / Camp St (838), Broughton, Manchester (Blu)",,="382875400312","NE",53.49923,-2.25962,60,""
="MAC060004514",="MAC4514SD","East Lancashire Rd (A580) / Ellenbrook Rd (6/025), Boothstown, Salford (Blu)",,="372931401294","NE",53.50763,-2.40961,30,""
="MAC060004516",="MAC4516SD","Trinity Way (A6042) / Irwell St (796), Ordsall, Salford (Blu)",,="383042398346","NW",53.48156,-2.257,330,""
="MAC060004525",="MAC4525SD","Liverpool Rd (B5320) / Brinell Dr (896), Cadishead, Salford (Blu)",,="371192392563","NE",53.42906,-2.43503,30,""
="MAC060004571",="MAC4571SD","M602 J3 W/B On Slip (797) / Eccles New Rd (797), Salford (Blu)",,="381307398150","N",53.47974,-2.28313,345,""
="MAC070001033",="MAC1033ST","Buxton Rd (A6) / Nangreave Rd (915), Stockport (Blu)",30.0,="390134388806","N",53.39599,-2.14983,0,""
="MAC070001034",="MAC1034ST","Buxton Rd (A6) / Kennerley Rd (908), Stockport (Blu)",30.0,="390363388465","N",53.39293,-2.14637,0,""
="MAC070001035",="MAC1035ST","Buxton Rd (A6) / 10m SE of Woodsmoor Ln (926), Stockport (Blu)",30.0,="390743388128","NW",53.3899,-2.14066,337,""
="MAC070001036",="MAC1036ST","Buxton Rd (A6) / 40m NW of Dialstone Ln (893), Stepping Hill, Stockport (Blu)",30.0,="391349387765","NW",53.38665,-2.13153,312,""
="MAC070001037",="MAC1037ST","(X) London Rd (A6) / Newmoor Rd (942), Hazel Grove, Stockport (Blu)",30.0,="391651387495","N",53.38423,-2.12698,0,""
="MAC070001040",="MAC1040ST","London Rd (A6) / 20 SE of Grundey St (920), Hazel Grove, Stockport (Blu)",30.0,="392182386916","N",53.37903,-2.11899,0,""
="MAC070001041",="MAC1041ST","London Rd (A6) / Buxton Rd (314), Hazel Grove, Stockport (Blu)",30.0,="392542386510","N",53.37539,-2.11356,0,""
="MAC070004040",="MAC4040ST","Dean Ln (A5143) / Chester Rd (7/001), Hazel Grove, Stockport (Blu)",,="391811385729","W",53.36836,-2.12453,270,""
="MAC070004041",="MAC4041ST","Bridge Ln (A5143) / 10m E of Valley Rd (7/095), Bramhall, Stockport (Blu)",,="389710386313","W",53.37357,-2.15613,270,""
="MAC070004042",="MAC4042ST","Woodford Rd (A5102) / 30m S of Meadway (7/119), Bramhall, Stockport (Blu)",,="389108384358","S",53.35599,-2.1651,180,""
="MAC070004044",="MAC4044ST","Kingsway (A34) / Gatley Rd (1805), Gatley, Stockport (Blu)",,="385030388362","S",53.39188,-2.22656,180,""
="MAC070004045",="MAC4045ST","Wilmslow Rd (A5149) / High St (312), Cheadle, Stockport (Blu)",,="385626388560","SE",53.39367,-2.21761,135,""
="MAC070004046",="MAC4046ST","Albert Rd (A5149) / Cheadle Rd (7/171), Cheadle Hulme, Stockport (Blu)",,="387187386629","NE",53.37636,-2.19406,34,""
="MAC070004047",="MAC4047ST","(X) Airport Link (A555) / Woodford Rd, Woodford, Stockport (Blu)",,="389200383674","W",53.34984,-2.16371,270,""
="MAC070004054",="MAC4054ST","(P) Kingsway (A34) / 200m N of Royal Cresent, Gatley, Stockport (Blu)",,="385387387277","SE",53.38213,-2.22115,150,""
="MAC070004104",="MAC4104ST","Kingsway (A34) / M60 J3 On Slip S/B (1804), Gatley, Manchester (Blu)",,="385040388733","N",53.39521,-2.22644,0,""
="MAC070004212",="MAC4212ST","Stockport Rd (A560) / Councillor Ln (7/190), Cheadle, Stockport (Blu)",,="386538388773","NE",53.39561,-2.2039,45,""
="MAC070004213",="MAC4213ST","Stockport Rd (A560) / 15m SW of Parkway (7/181), Cheadle Heath, Stockport (Blu)",,="386963389105","NE",53.39861,-2.19753,45,""
="MAC070004214",="MAC4214ST","Brinksway (A560) / Hollywood Way (933), Stockport (Blu)",,="388556390041","SW",53.40706,-2.1736,240,""
="MAC070004263",="MAC4263ST","Ashton Rd (A6017) / Lingard Ln (7/005), Bredbury, Stockport (Blu)",,="392070392483","S",53.42907,-2.12081,180,""
="MAC070004264",="MAC4264ST","Stockport Rd W (A560) / Ashton Rd (959), Bredbury, Stockport (Blu)",,="392023391617","SW",53.42129,-2.12149,210,""
="MAC070004265",="MAC4265ST","(NOT IN USE) Carrington Rd (B6104) / New Zealand Rd (957), Portwood, Stockport (Blu)",,="390827390942","NW",53.4152,-2.13947,300,""
="MAC070004266",="MAC4266ST","Carrington Rd (B6104) / Brinnington Rd (956), Portwood, Stockport (Blu)",,="390397391054","W",53.4162,-2.14595,255,""
="MAC070004267",="MAC4267ST","(TEMP REMOVED) Great Portwood St (A560) / Knightsbridge (879), Stockport (Blu)",,="389777390701","W",53.41301,-2.15527,270,""
="MAC070004322",="MAC4322ST","Great Egerton St (A560) / Lancashire Hill (878), Stockport (Blu)",,="389520390775","NE",53.41367,-2.15913,60,""
="MAC070004323",="MAC4323ST","Travis Brow (A5145) / St George's Rd (932), Stockport (Blu)",,="388668390410","W",53.41038,-2.17193,255,""
="MAC070004324",="MAC4324ST","Didsbury Rd (A5145) / Green Ln (978), Stockport (Blu)",,="388391390348","W",53.40981,-2.1761,270,""
="MAC070004325",="MAC4325ST","Didsbury Rd (A5145) / Moorside Rd (7/127), Stockport (Blu)",,="387473390656","W",53.41256,-2.18992,270,""
="MAC070004489",="MAC4489ST","Hyde Rd (A56) / Stockport Rd E (7/179), Bredbury, Stockport (Blu)",,="393217391980","E",53.42457,-2.10353,72,""
="MAC070004493",="MAC4493ST","St Mary's Way (B5465) / Spring Gardens (973), Stockport (Blu)",,="390173390195","N",53.40848,-2.14928,15,""
="MAC070004538",="MAC4538ST","Wilmslow Rd (B5358) / Finney Ln (7/012), Heald Green, Stockport (Blu)",,="385688386225","N",53.37269,-2.21657,0,""
="MAC070004572",="MAC4572ST","M60 J26 W/B Slips / Crookilley Way (7/082), Brinnington, Stockport (Blu)",,="390951391495","W",53.42017,-2.13762,263,""
="MAC070004573",="MAC4573ST","M60 J27 E/B Off Slip / Tiviot Way (982), Brinnington, Stockport (Blu)",,="390115391085","NE",53.41647,-2.15019,45,""
="MAC070004574",="MAC4574ST","M60 J27 W/B Off Slip / Crookilley Way (985), Brinnington, Stockport (Blu)",,="390306391096","E",53.41658,-2.14731,73,""
="MAC070004575",="MAC4575ST","M60 J27 W/B On Slip / Gt Portwood St (595), Brinnington, Stockport (Blu)",,="390172391006","NW",53.41577,-2.14933,305,""
="MAC070004576",="MAC4576ST","Tiviot Way (A626) / Water St (593), Brinnington, Stockport (Blu)",,="390073391243","NW",53.41789,-2.15082,330,""
="MAC070004577",="MAC4577ST","M60 J1 E/B Off Slip / Didsbury Rd (590), Stockport (Blu)",,="388444390299","NE",53.40937,-2.1753,23,""
="MAC070004578",="MAC4578ST","Hollywood Way (A5145) / Yew St (981), Stockport (Blu)",,="388518390116","N",53.40773,-2.17418,0,""
="MAC070004579",="MAC4579ST","M60 J1 E/B On Slip / Travis Brow (590), Stockport (Blu)",,="388556390323","NW",53.40959,-2.17361,312,""
="MAC070004604",="MAC4604ST","A34 / S of A555 (1825), Heald Green, Stockport (Blu)",,="386750384263","N",53.35507,-2.20053,15,""
="MAC070004605",="MAC4605ST","A34 / Stanley Rd (1823), Heald Green, Stockport (Blu)",,="386835384657","N",53.35862,-2.19927,0,""
="MAC070004606",="MAC4606ST","A555 / A6 (1816), Hazel Grove, Stockport (Blu)",,="393483385938","NE",53.37026,-2.09941,30,""
="MAC070004608",="MAC4608ST","A555 / Oil Refinery Gyratory East (1821), Bramhall, Stockport (Blu)",,="389789383733","E",53.35038,-2.15485,90,""
="MAC080001126",="MAC1126TA","(P) Lord Sheldon Way (A6140) / Sainsburys Car Park, A-U-L, Tameside (Blu)",,="393214399404","N",53.4913,-2.10374,0,""
="MAC080004016",="MAC4016TA","Manchester Rd (A635) / Audenshaw Rd (8/090), Audenshaw, Tameside (Blu)",,="390596397484","NE",53.474,-2.14314,60,""
="MAC080004017",="MAC4017TA","Manchester Rd (A635) / Lumb Ln (362), Audenshaw, Tameside (Blu)",,="391336397857","NE",53.47737,-2.132,60,""
="MAC080004018",="MAC4018TA","Manchester Rd (A635) / Moss Way (343), Audenshaw, Tameside (Blu)",,="391986398147","NE",53.47998,-2.12222,60,""
="MAC080004019",="MAC4019TA","Manchester Rd (A635) / M60 J23 Off-Slip (341), A-U-L, Tameside (Blu)",,="392429398378","E",53.48207,-2.11555,75,""
="MAC080004020",="MAC4020TA","Manchester Rd (A635) / William St (604), A-U-L, Tameside (Blu)",,="392903398545","NE",53.48357,-2.10841,60,""
="MAC080004021",="MAC4021TA","Manchester Rd (A635) / Park Parade (403), A-U-L, Tameside (Blu)",,="393208398650","SE",53.48452,-2.10381,120,""
="MAC080004022",="MAC4022TA","Mottram Rd (A57) / Halton St (582), Hyde, Tameside (Blu)",,="395571395008","W",53.45181,-2.06815,285,""
="MAC080004023",="MAC4023TA","Mottram Rd (A57) / Clark Way (579), Hyde, Tameside (Blu)",,="395117394951","NW",53.4513,-2.07499,330,""
="MAC080004024",="MAC4024TA","Clark Way (A627) / M67 J3 W/B Off-Slip (578), Hyde, Tameside (Blu)",,="395038395049","NE",53.45218,-2.07618,45,""
="MAC080004025",="MAC4025TA","Market St (A627) / Union St (571), Hyde, Tameside (Blu)",,="394943394723","NW",53.44924,-2.0776,330,""
="MAC080004026",="MAC4026TA","Market St (A57) / M67 J3 W/B On-Slip (574), Hyde, Tameside (Blu)",,="394645395096","N",53.45259,-2.0821,345,""
="MAC080004027",="MAC4027TA","Clark Way (A627) / M67 J3 Slips (577), Hyde, Tameside (Blu)",,="394840395261","SW",53.45408,-2.07916,225,""
="MAC080004028",="MAC4028TA","Clark Way (A627) / Newton St (576), Hyde, Tameside (Blu)",,="394598395253","SW",53.454,-2.08281,240,""
="MAC080004029",="MAC4029TA","Manchester Rd (A57) / Clark Way (575), Hyde, Tameside (Blu)",,="394480395112","W",53.45274,-2.08458,270,""
="MAC080004030",="MAC4030TA","Hyde Rd (A57) / M67 J2 W/B Off-Slip (8/037), Denton, Tameside (Blu)",,="393485395404","N",53.45535,-2.09957,0,""
="MAC080004031",="MAC4031TA","Stockport Rd (A6017) / Hyde Rd (494), Denton, Tameside (Blu)",,="392543395498","W",53.45618,-2.11376,270,""
="MAC080004032",="MAC4032TA","Manchester Rd (A57) / Seymour St (940), Denton, Tameside (Blu)",,="391925395536","W",53.45651,-2.12307,270,""
="MAC080004033",="MAC4033TA","Manchester Rd S (A57) / M60 J24 On Slip S/B (498), Denton, Tameside (Blu)",,="391090395540","W",53.45654,-2.13564,270,""
="MAC080004034",="MAC4034TA","Manchester Rd (A57) / M60 J24 On Slip N/B (497), Denton, Tameside (Blu)",,="391005395622","W",53.45727,-2.13693,270,""
="MAC080004056",="MAC4056TA","Mottram Moor (A57) / Woolley Ln (8/120), Hollingworth, Tameside (Blu)",,="400346396005","W",53.46079,-1.99625,255,""
="MAC080004057",="MAC4057TA","Mottram Moor (A57) / Back Moor (350), Longdendale, Tameside (Blu)",,="399589395798","W",53.45893,-2.00765,270,""
="MAC080004058",="MAC4058TA","Mottram Rd (A6018) / 5m SE of Crompton St (1900), Stalybridge, Tameside (Blu)",,="396856398340","SE",53.48177,-2.04885,144,""
="MAC080004059",="MAC4059TA","Stamford St (A635) / Wakefield Rd (1904), Stalybridge, Tameside (Blu)",,="396237398776","SE",53.48569,-2.05817,135,""
="MAC080004060",="MAC4060TA","Park Parade (A635) / Grafton St (8/003), A-U-L, Tameside (Blu)",,="394532398987","E",53.48757,-2.08387,89,""
="MAC080004080",="MAC4080TA","Manchester Rd (A662) / Edge Ln (428), Droylsden, Tameside (Blu)",,="389028398269","E",53.48103,-2.16679,105,""
="MAC080004081",="MAC4081TA","Manchester Rd (A662) / Market St (431), Droylsden, Tameside (Blu)",,="390430398093","E",53.47947,-2.14566,90,""
="MAC080004082",="MAC4082TA","Droylsden Rd (A662) / Lumb Ln (364), Audenshaw, Tameside (Blu)",,="391327397976","E",53.47844,-2.13214,90,""
="MAC080004124",="MAC4124TA","Oldham Rd (A627) / Wilshaw Ln (8/113), A-U-L, Tameside (Blu)",,="393233400222","SE",53.49865,-2.10347,150,""
="MAC080004260",="MAC4260TA","Stockport Rd (A6017) / William St (607), A-U-L, Tameside (Blu)",,="393051398399","SW",53.48226,-2.10617,210,""
="MAC080004261",="MAC4261TA","Stockport Rd (A6017) / Guide Ln (356), Audenshaw, Tameside (Blu)",,="392477397647","W",53.4755,-2.11481,266,""
="MAC080004262",="MAC4262TA","Ashton Rd (A6017) / York Rd (360), Denton, Tameside (Blu)",,="392440395815","S",53.45903,-2.11532,165,""
="MAC080004276",="MAC4276TA","Wellington Rd (A6140) / Oldham Rd (488), A-U-L, Tameside (Blu)",,="393513399318","N",53.49053,-2.09923,0,""
="MAC080004277",="MAC4277TA","Wellington Rd (A6140) / Cavendish St (489), A-U-L, Tameside (Blu)",,="393346399290","NW",53.49028,-2.10175,302,""
="MAC080004278",="MAC4278TA","Cavendish St (A627) / Supermarket Access (335), A-U-L, Tameside (Blu)",,="393738398538","NW",53.48352,-2.09582,327,""
="MAC080004396",="MAC4396TA","Stockport Rd (A6017) / Two Trees Ln (8/007), Denton, Tameside (Blu)",,="392896394600","N",53.44811,-2.10842,15,""
="MAC080004440",="MAC4440TA","Manchester Rd (A635) / Mill St (8/080), Mossley, Tameside (Blu)",,="397379401985","N",53.51454,-2.04099,351,""
="MAC080004441",="MAC4441TA","Stockport Rd (A560) / Ashworth Ln (8/089), Hattersley, Tameside (Blu)",,="398502394958","N",53.45138,-2.02402,0,""
="MAC080004442",="MAC4442TA","Guide Ln (A6017) / Shepley Rd (8/111), A-U-L, Tameside (Blu)",,="392490396737","NE",53.46732,-2.11459,30,""
="MAC080004487",="MAC4487TA","Hyde Rd (A57) / Stalybridge Rd (349), Mottram, Tameside (Blu)",,="399305395640","NE",53.45751,-2.01193,45,""
="MAC080004594",="MAC4594TA","Lord Sheldon Way (A6140) / W of Portland St (369), Ashton-Under-Lyne, Tameside (Blu)",30.0,="393118399319","N",53.49053,-2.1052,0,""
="MAC090001001",="MAC1001TR","Woodlands Rd (A560) / Church St (301), Altrincham, Trafford (Blu)",,="376793388225","N",53.39035,-2.35041,0,"noexport=1"
="MAC090001002",="MAC1002TR","Manchester Rd (A56) / Barrington Rd (303), Altrincham, Trafford (Blu)",,="376673388758","N",53.39513,-2.35226,0,"noexport=1"
="MAC090001003",="MAC1003TR","Manchester Rd (A56) / Navigation Rd (336), Altrincham, Trafford (Blu)",30.0,="376678389037","N",53.39764,-2.3522,0,"noexport=1"
="MAC090001004",="MAC1004TR","Manchester Rd (A56) / Park Rd (304), Broadheath, Trafford (Blu)",30.0,="377000389978","N",53.40611,-2.34743,0,"noexport=1"
="MAC090001005",="MAC1005TR","Washway Rd (A56) / Eastway (305), Sale, Trafford (Blu)",30.0,="377418390567","N",53.41143,-2.34118,15,"noexport=1"
="MAC090001006",="MAC1006TR","Washway Rd (A56) / Marsland Rd (306), Sale, Trafford (Blu)",30.0,="378047391471","N",53.41958,-2.33178,0,"noexport=1"
="MAC090001007",="MAC1007TR","Washway Rd (A56) / Ashton Ln (308), Sale, Trafford (Blu)",30.0,="378479392143","N",53.42563,-2.32534,0,"noexport=1"
="MAC090001008",="MAC1008TR","Cross St (A56) / Dane Rd (310), A-U-M, Trafford (Blu)",30.0,="378913392749","N",53.4311,-2.31884,0,"noexport=1"
="MAC090001009",="MAC1009TR","(X) Woodlands Rd (A560) / Barrington Rd (302), Altrincham, Trafford (Blu)",30.0,="376980388301","N",53.39103,-2.34762,0,"noexport=1"
="MAC090001010",="MAC1010TR","Woodlands Rd (A560) / Stockport Rd (642), Altrincham, Trafford (Blu)",30.0,="377401388317","N",53.3912,-2.34128,0,"noexport=1"
="MAC090001011",="MAC1011TR","Shaftesbury Ave (A560) / Thorley Ln (9/003), Altrincham, Trafford (Blu)",,="378985388470","N",53.39264,-2.31747,0,"noexport=1"
="MAC090001043",="MAC1043TR","Chester Rd (A56) / Kingsway (416), Stretford, Trafford (Blu)",30.0,="379708394401","N",53.44598,-2.30698,15,"noexport=1"
="MAC090001045",="MAC1045TR","Chester Rd (A56) / Avondale Rd (610), Gorse Hill, Trafford (Blu)",30.0,="380569395760","NE",53.45823,-2.2941,45,"noexport=1"
="MAC090001046",="MAC1046TR","Chester Rd (A56) / Warwick Rd (503), Trafford (Blu)",30.0,="380972396091","NE",53.46122,-2.28805,60,"noexport=1"
="MAC090001047",="MAC1047TR","White City Way (A5063) / Chester Rd (638), Old Trafford, Trafford (Blu)",30.0,="381273396282","NE",53.46294,-2.28354,45,"noexport=1"
="MAC090001048",="MAC1048TR","Bridgewater Way (A56) / Chester Rd (641), St George's, Trafford (Blu)",30.0,="382482397026","NE",53.46968,-2.26536,60,"noexport=1"
="MAC090001051",="MAC1051TR","M60 J10 / Trafford Boulevard (615), Trafford Park, Trafford (Blu)",40.0,="376391396519","N",53.46488,-2.35708,0,"noexport=1"
="MAC090001052",="MAC1052TR","Park Way (A5081) / Trafford Centre Egress (9/061), Trafford Park, Trafford (Blu)",50.0,="377755396016","NE",53.46042,-2.3365,30,"noexport=1"
="MAC090004073",="MAC4073TR","Trafford Rd (A5063) / Trafford Wharf Rd (632), Old Trafford, Trafford (Blu)",,="381235396518","N",53.46506,-2.28412,0,""
="MAC090004156",="MAC4156TR","Park Rd (A5181) / Barton Dock Rd (9/074), Trafford Park, Trafford (Blu)",,="378970395533","N",53.45612,-2.31817,0,""
="MAC090004157",="MAC4157TR","Manchester Rd (A6144) / Flixton Rd (9/005), Carrington, Trafford (Blu)",,="374508393023","NE",53.43337,-2.38516,45,""
="MAC090004158",="MAC4158TR","Carrington Ln (A6144) / Banky Ln (9/025), A-U-M, Trafford (Blu)",,="376259392704","E",53.43058,-2.35878,75,""
="MAC090004227",="MAC4227TR","Park Way (A5081) / Barton Dock Rd (617), Trafford Park, Trafford (Blu)",,="377892396228","SE",53.46233,-2.33445,120,""
="MAC090004228",="MAC4228TR","Village Way (A5081) / Mosley Rd (401), Trafford Park, Trafford (Blu)",,="379031396788","E",53.46741,-2.31733,90,""
="MAC090004230",="MAC4230TR","Wharfside Way (A5081) / Water's Reach (406), Wharfside, Trafford (Blu)",,="380881396517","SE",53.46504,-2.28945,120,""
="MAC090004231",="MAC4231TR","Bridgewater Way (A56) / Chester Rd (640), Stretford, Trafford (Blu)",,="381451396366","E",53.46371,-2.28085,75,""
="MAC090004232",="MAC4232TR","Chester Rd (A5014) / Stretford Rd (409), Old Trafford, Trafford (Blu)",,="381945396264","NE",53.46281,-2.27341,35,""
="MAC090004234",="MAC4234TR","(P) Dunham Rd (A56) / 10m S of Bow Green Rd, Bowden, Trafford (Blu)",,="374708386391","NE",53.37376,-2.38162,30,""
="MAC090004328",="MAC4328TR","Barton Rd (A5181) / Kingsway (414), Stretford, Trafford (Blu)",,="379252394381","W",53.44578,-2.31384,270,""
="MAC090004329",="MAC4329TR","Church Rd (B5213) / Station Rd (663), Urmston, Trafford (Blu)",,="376663394451","N",53.4463,-2.35283,0,""
="MAC090004330",="MAC4330TR","Trafford Boulevard (B5214) / Trafford Way (602), Trafford Park, Trafford (Blu)",,="376681396919","NE",53.46848,-2.35275,30,""
="MAC090004331",="MAC4331TR","Redclyffe Rd (B5211) / 100m N of Trafford Boulevard (9/078), Dumplington, Trafford (Blu)",,="376827397219","NW",53.47119,-2.35057,315,""
="MAC090004411",="MAC4411TR","(P) Tenax Rd (A576) / Ashbridge, Gorse Hill, Trafford (Blu)",,="378526397029","N",53.46955,-2.32496,0,""
="MAC090004412",="MAC4412TR","(P) Centenary Way (A576) / 100m W of Tenax Circle, Gorse Hill, Trafford (Blu)",,="378539397700","NW",53.47558,-2.32481,300,""
="MAC090004461",="MAC4461TR","(STOLEN) Paddock Ln (A6144) / Dunham Rd, Warburton, Trafford (Blu)",,="370938389322","NE",53.39991,-2.43856,45,""
="MAC090004527",="MAC4527TR","Manchester New Rd (A6144) / 50m W of Central Rd (9/040), Partington, Trafford (Blu)",,="371664391434","SW",53.41894,-2.42782,240,""
="MAC090004528",="MAC4528TR","Dunham Rd (A56) / Charcoal Rd (9/012), Bowden, Trafford (Blu)",,="375154387116","NE",53.3803,-2.37497,30,""
="MAC090004529",="MAC4529TR","Marskand Rd (A6144) / Brooklands Rd (9/070), Sale, Trafford (Blu)",,="378479391225","W",53.41738,-2.32527,270,""
="MAC090004583",="MAC4583TR","M60 J9 / Lostock Rd (613), Davyhulme, Trafford (Blu)",,="377510395729","NE",53.45783,-2.34017,30,""
="MAC090004584",="MAC4584TR","M60 J10 / Barton Rd (616), Davyhulme, Trafford (Blu)",,="376392396385","NE",53.46368,-2.35706,53,""
="MAC090004585",="MAC4585TR","Old Hall Rd (A6144) / Dane Rd (9/033), Sale, Trafford (Blu)",,="380451392001","N",53.42444,-2.29564,15,""
="MAC090004587",="MAC4587TR","M60 J7 W/B Off Slip / Cross St, Stretford, Trafford (Blu)",,="379152393323","NW",53.43627,-2.31528,315,""
="MAC090004595",="MAC4595TR","Mosley Rd (A5181) / Westinghouse Rd (411), Trafford Park, Trafford (Blu)",,="379021396266","N",53.46271,-2.31746,0,""
="MAC090004596",="MAC4596TR","(P) Westinghouse Rd / 40m N of Warren Rd, Trafford Park, Trafford (Blu)",,="378491396788","N",53.46738,-2.32548,0,""
="MAC090004597",="MAC4597TR","(P) Peel Ave / 140m NW of Peel Circle, Trafford Park, Trafford (Blu)",40.0,="377264396712","NW",53.46665,-2.34395,318,""
="MAC090004598",="MAC4598TR","Wharfside Way (A5081) / John Gilbert Way (421), Trafford Park, Trafford (Blu)",,="380373396621","E",53.46596,-2.29711,105,""
="MAC090005012",="MAC5012HA","(NOT IN USE) M56 / Agden Ln Over Bridge, Cheshire (Blu)",70.0,="371281385249","E",53.36332,-2.43303,90,"noexport=1"
="MAC090005013",="MAC5013HA","(NOT IN USE) M56 / 500m E of Cow Ln, Cheshire (Blu)",70.0,="378078384588","W",53.35771,-2.33085,270,"noexport=1"
